id,title,environments,aliases,owners,primary_url,department,notes,pope_tech,errors,active,cms
234,CEHD Site Tracker,"dev, test","cehd-sites.dev.umn.edu, cehd-sites.stg.umn.edu","jbehr, turg0018",cehd-sites.umn.edu,CEHD - College of Education & Human Development,Inactive,False,,False,
686,Liuqing Yang,prod,"yang.dev.umn.edu, yang.stg.umn.edu",qingqing,yang.umn.edu,CSE,Inactive,False,,False,
489,Minnesota Wood Innovation Team,"test, prod","woodinnovation.dl8.umn.edu, woodinnovation.dev.umn.edu, woodinnovation.stg.umn.edu",lamxx025,woodinnovation.umn.edu,"CFANS - Food, Ag, & Natural Resource Sci",Inactive,False,,False,
859,Keith Olive,prod,"olive.dev.umn.edu, olive.stg.umn.edu","olive, khand113",olive.umn.edu,CSE - College of Science & Engineering,Inactive,False,,False,
1824,UMR Public Health,prod,"umrpublichealth.dev.umn.edu, umrpublichealth.stg.umn.edu","kosiecki, jbarnett",umrpublichealth.umn.edu,UMR - Rochester,Inactive,False,,False,
681,Levin Research Group,prod,"levin-cege.dev.umn.edu, levin-cege.stg.umn.edu",mcdo0486,levin.cege.umn.edu,CSE,Inactive,False,,False,
764,Pomerantz Research Group,"test, prod","pomerantz.stg.umn.edu, pomerantz.dev.umn.edu, pomerantz.dl9.umn.edu, pomerantz.chem.umn.edu","schul132, buchh112",pomerantz.umn.edu,CSE - CHEM - Dept of Chemistry,Inactive,False,,False,
898,AEM 2017,prod,"aem2017-cege.dev.umn.edu, aem2017-cege.stg.umn.edu, aem2017-cege.dl9.umn.edu",mcdo0486,aem2017.cege.umn.edu,CSE - College of Science & Engineering,Inactive,False,,False,
863,Jungseok Hong,"test, prod","jungseokhong.stg.umn.edu, jungseokhong.dev.umn.edu, jungseokhong.dl9.umn.edu",jungseok,jungseokhong.umn.edu,CSE - College of Science & Engineering,Inactive,False,,False,
72,Morrill Hall Shared Service,dev,"mhsst.dev.umn.edu, mhsst.stg.umn.edu","meyer150, lang0925, swart113",mhsst.umn.edu,AAP - VP of Academic Affairs/Provost,Inactive,False,,False,
712,Derby Workshop,"test, prod","iwmcg-9.stg.umn.edu, iwmcg-9.dev.umn.edu, iwmcg-9.dl8.umn.edu, iwmcg-9.cems.umn.edu",mcdo0486,iwmcg-9.umn.edu,CSE - CEMS - Chemical Engineering & Materials Sci,Inactive,False,,False,
708,Ellis Teaching Page,"dev, test, prod","ellis.stg.umn.edu, ellis.dev.umn.edu, ellis.dl9.umn.edu",schul132,ellis.chem.umn.edu,CSE - CEMS - Chemical Engineering & Materials Sci,Inactive,False,,False,
1032,FlexPass Commuting Study,prod,flexpass.dev.umn.edu,"siqv0001, ande4255",flexpass.umn.edu,CTS - Center for Transportation Studies,Inactive,False,,False,
876,melyasi,"dev, test, prod","melyasi.stg.umn.edu, melyasi.dev.umn.edu, melyasi.dl9.umn.edu",melyasi,melyasi.umn.edu,CSE - College of Science & Engineering,Inactive,False,,False,
458,CFANS Alumni Global Learning Adventure,"test, prod","agla.stg.umn.edu, agla.dl8.umn.edu, www.agla.cfans.umn.edu, agla.cfans.umn.edu",lamxx025,agla.umn.edu,"CFANS - Food, Ag, & Natural Resource Sci",Inactive,False,,False,
267,Jonathan Sweet Staff Website,dev,"sweet006.dev.umn.edu, sweet006.stg.umn.edu",sweet006,sweet006.umn.edu,CEHD - College of Education & Human Development,Inactive,False,,False,
899,AEM 2015,prod,"aem2015-cege.dev.umn.edu, aem2015-cege.stg.umn.edu, aem2015-cege.dl9.umn.edu",mcdo0486,aem2015.cege.umn.edu,CSE - College of Science & Engineering,Inactive,False,,False,
921,Human/Machine Design Lab,prod,"hmdl.dev.umn.edu, hmdl.stg.umn.edu, hmdl.dl8.umn.edu","agarw161, wkdurfee, gotth006",hmdl.umn.edu,CSE - College of Science & Engineering,Inactive,False,,False,
9,Safety of Minors,"dev, test","safety-minors.dev.umn.edu, safety-minors.stg.umn.edu","meyer150, swart113",safety-minors.umn.edu,AAP - VP of Academic Affairs/Provost,Inactive,False,,False,
866,Thomas W. Jones,"test, prod","jones.dev.umn.edu, jones.stg.umn.edu",twj,jones.umn.edu,CSE - College of Science & Engineering,Inactive,False,,False,
889,Linderman Research Group,"dev, test, prod","linderman.stg.umn.edu, linderman.dev.umn.edu, linderman.dl9.umn.edu, linderman.cege.umn.edu",llinderm,linderman.umn.edu,CSE - College of Science & Engineering,Inactive,False,,False,
257,lt-d8.umn.edu,"dev, test, prod","lt-d8.dev.umn.edu, lt-d8.stg.umn.edu, learningtechnologies.umn.edu, lt.umn.edu, www.lt.umn.edu","shui0003, jeff, jbartucz, valde200, jbehr, turg0018, scharber",lt-d8.umn.edu,CEHD - College of Education & Human Development,Inactive,False,,False,
250,CEHD Web Project,"dev, test","web-project-cehd.dev.umn.edu, web-project-cehd.stg.umn.edu","jbehr, turg0018",web-project.cehd.umn.edu,CEHD - College of Education & Human Development,Inactive,False,,False,
897,AEM 2019,prod,"aem2019-cege.dev.umn.edu, aem2019-cege.stg.umn.edu, aem2019-cege.dl9.umn.edu",mcdo0486,aem2019.cege.umn.edu,CSE - College of Science & Engineering,Inactive,False,,False,
341,Center for Forest Ecology,prod,"cffe-cfans.dev.umn.edu, cffe-cfans.stg.umn.edu, cffe-cfans.dl9.umn.edu, www.cffe.cfans.umn.edu",lamxx025,cffe.cfans.umn.edu,"CFANS - Food, Ag, & Natural Resource Sci",Inactive,False,,False,
495,CFANS Training,dev,"training.cfans.umn.edu, training-cfans.dev.umn.edu, training-cfans.stg.umn.edu",lamxx025,training.cfans.umn.edu,"CFANS - Food, Ag, & Natural Resource Sci",Inactive,False,,False,
330,Biofuels Coproducts,prod,"biofuelscoproducts.stg.umn.edu, biofuelscoproducts.dev.umn.edu, biofuelscoproducts.dl9.umn.edu, www.biofuelscoproducts.umn.edu",lamxx025,biofuelscoproducts.umn.edu,"CFANS - Food, Ag, & Natural Resource Sci",Inactive,False,,False,
587,Geographic Information Science,"dev, test, prod","gis.dev.umn.edu, gis.stg.umn.edu, gis.dl8.umn.edu",manson,gis.umn.edu,CLA - College of Liberal Arts,Inactive,False,,False,
872,Murti Salapaka,prod,"salapaka.dev.umn.edu, salapaka.stg.umn.edu",murtis,salapaka.umn.edu,CSE - College of Science & Engineering,Inactive,False,,False,
868,Michael Coughlin,"test, prod","coughlin.dev.umn.edu, coughlin.stg.umn.edu",cough052,coughlin.umn.edu,CSE - College of Science & Engineering,Inactive,False,,False,
490,Forest Ecosystem Health @ UMN,"test, prod","health.dl8.umn.edu, health.dl8.stg.umn.edu, health.dl8.dev.umn.edu, health.forestry.umn.edu",lamxx025,health.forestry.umn.edu,"CFANS - Food, Ag, & Natural Resource Sci",Inactive,False,,False,
635,Psychology Sandbox,prod,"sandbox.psych.dl8.umn.edu, sandbox-psych.dev.umn.edu",smoeller,sandbox.psych.umn.edu,CLA - PSYCH - Psychology,Inactive,False,,False,
885,Ashkenazi Lab,"dev, test, prod","ashkenazi-lab.stg.umn.edu, ashkenazi-lab.dev.umn.edu, ashkenazi-lab.dl9.umn.edu, ashkenazi-lab.umn.edu","ashke003, mcdo0486",ashkenazi-lab.umn.edu,CSE - College of Science & Engineering,Inactive,False,,False,
925,Heat and Mass Transfer Laboratory,"test, prod","hmtl.dev.umn.edu, hmtl.stg.umn.edu","agarw161, kulac001",hmtl.umn.edu,CSE - College of Science & Engineering,Inactive,False,,False,
887,Meghan Murray Sandbox Site,dev,"mmurray.stg.umn.edu, mmurray.dev.umn.edu, mmurray.dl9.umn.edu",bieve008,mmurray.umn.edu,CSE - College of Science & Engineering,Inactive,False,,False,
936,Anette von der Handt Faculty Page,"test, prod","avdhandt.stg.umn.edu, avdhandt.dev.umn.edu, avdhandt.dl8.umn.edu",avdhandt,avdhandt.umn.edu,CSE - College of Science & Engineering,Inactive,False,,False,
905,Mosenfelder Faculty Page,"test, prod","mosenfelder.stg.umn.edu, mosenfelder.dev.umn.edu, mosenfelder.dl9.umn.edu",jmosenfe,mosenfelder.umn.edu,CSE - College of Science & Engineering,Inactive,False,,False,
1020,MinCorpsMentors,"dev, test, prod","mincorpsmentors.dl9.umn.edu, mincorpsmentors.stg.umn.edu, mincorpsmentors.dev.umn.edu",pavo0003,mincorpsmentors.umn.edu,CSOM - Carlson School of Management,Inactive,False,,False,
1094,6th World Conference,prod,"6thworldconference.dev.umn.edu, 6thworldconference.stg.umn.edu",myers006,6thworldconference.umn.edu,HHH - Humphrey School of Public Affairs,Inactive,False,,False,
1050,Minnesota Master Naturalist Volunteer Hub,prod,"mnatvolunteer.dev.umn.edu, mnatvolunteer.stg.umn.edu",edombeck,mnatvolunteer.umn.edu,EXT - Extension,Inactive,False,,False,
932,Center for BioInorganic Chemistry,"test, prod","cbic.dl8.umn.edu, cbic.dev.umn.edu, cbic.stg.umn.edu","barte113, rapa0020",cbic.chem.umn.edu,CSE - College of Science & Engineering,Inactive,False,,False,
1019,Carlson School of Management Undergraduate Program,prod,"carlsonundergraduate.dev.umn.edu, carlsonundergraduate.stg.umn.edu, carlsonundergraduate.dl9.umn.edu",lcamp,carlsonundergraduate.umn.edu,CSOM - Carlson School of Management,Inactive,False,,False,
1024,Commencement 2021 - Carlson School of Management,"dev, test, prod","commencement2021-carlsonschool.dev.umn.edu, commencement2021-carlsonschool.stg.umn.edu",luong108,commencement2021.carlsonschool.umn.edu,CSOM - Carlson School of Management,Inactive,False,,False,
1021,UMN Innovation,"dev, test, prod","innovate.stg.umn.edu, innovate.dev.umn.edu, innovate.dl9.umn.edu",mylab001,innovate.umn.edu,CSOM - Carlson School of Management,Inactive,False,,False,
73,Gradmap,"dev, test","gradmap-d8.dev.umn.edu, gradmap-d8.stg.umn.edu","meyer150, lang0925, swart113",gradmap.umn.edu,AAP - VP of Academic Affairs/Provost,Inactive,False,,False,
1120,Dale Trexel,"dev, test, prod","daletrexel.dev.umn.edu, daletrexel.stg.umn.edu",dtrexel,daletrexel.umn.edu,LAW,Inactive,False,,False,
1085,Health Discovery Hub,dev,"healthdiscoveryhub.dev.umn.edu, healthdiscoveryhub.stg.umn.edu",dlv,healthdiscoveryhub.umn.edu,Health Sciences Administration,Inactive,False,,False,
1112,The Clarence Darrow Digital Collection,"dev, test","darrow-librarycollections-law.dev.umn.edu, darrow-librarycollections-law.stg.umn.edu",brown288,darrow-librarycollections.law.umn.edu,LAW,Inactive,False,,False,
1113,Mark Byart,"dev, test","byart.dev.umn.edu, byart.stg.umn.edu",byart,byart.umn.edu,LAW,Inactive,False,,False,
1309,Pharmacology Graduate Student Organization,"dev, test, prod","pgso.stg.umn.edu, pgso.dev.umn.edu, pgso.dl9.umn.edu, pgso.umn.edu",maju0014,pgso.umn.edu,MED - Medical School,Inactive,False,,False,
1261,Saydam Lab,prod,"saydam-lab.dev.umn.edu, saydam-lab.stg.umn.edu","camer308, osaydam",saydam-lab.umn.edu,MED - Medical School,Inactive,False,,False,
1315,Dementia Caregiver Mastery Using American Indian Cultural Practices,prod,"ai-caregiver-mastery.dev.umn.edu, ai-caregiver-mastery.stg.umn.edu",jplewis,ai-caregiver-mastery.umn.edu,MED - Medical School,Inactive,False,,False,
1333,Rehab Lab,"test, prod","rehablab.dev.umn.edu, rehablab.stg.umn.edu",adangol,rehablab.umn.edu,MED - Medical School,Inactive,False,,False,
1117,Dale Trexel D9,dev,"daletrexel-d9.dev.umn.edu, daletrexel-d9.stg.umn.edu",dtrexel,daletrexel-d9.umn.edu,LAW,Inactive,False,,False,
6,OSAEnt,"dev, test","osaent.dev.umn.edu, osaent.stg.umn.edu",leibfrie,osaent.umn.edu,AAP - VP of Academic Affairs/Provost,Inactive,False,,False,
1314,Davenport Lab,prod,"davlab.stg.umn.edu, davlab.dev.umn.edu",gammo025,davlab.umn.edu,MED - Medical School,Inactive,False,,False,
1013,Yaman.umn.edu,prod,"yaman.umn.edu, yaman.dev.umn.edu",yaman013,yaman.umn.edu,CSE - ECE - Electrical & Comp Engineering,Inactive,False,,False,
1335,COVID-19: Evidence Based Medicine,prod,"covidebm.dl8.umn.edu, covidebm.dl8.dev.umn.edu",adangol,covidebm.umn.edu,MED - Medical School,Inactive,False,,False,
1341,Chan Laboratory,prod,chan.dev.umn.edu,"buczy003, sschan",chan.umn.edu,MED - Medical School,Inactive,False,,False,
763,Cramer Research Group,"test, prod","cramer.stg.umn.edu, cramer.dev.umn.edu, cramer.dl9.umn.edu",schul132,cramer.chem.umn.edu,CSE - CHEM - Dept of Chemistry,Inactive,False,,False,
551,LATIS Sandbox,"dev, test, prod","latis.stg.umn.edu, latis.dev.umn.edu, latis.dl9.umn.edu",dolsen,dlsandbox.latis.umn.edu,CLA - College of Liberal Arts,Inactive,False,,False,
566,"Film, Media, and Sound Studies","dev, test","filmmediasound-d9.dev.umn.edu, filmmediasound-d9.stg.umn.edu","marran, kamat052, simonw",filmmediasound.umn.edu,CLA - College of Liberal Arts,Inactive,False,,False,
545,FRIT-GNSD-HUB-INTRANET,prod,"frit-gnsd-hub-intranet.dev.umn.edu, frit-gnsd-hub-intranet.stg.umn.edu",ejshort,frit-gnsd-hub-intranet.umn.edu,CLA - College of Liberal Arts,Inactive,False,,False,
1429,Graduate Assistant Unionization Effort at UMN,prod,"gradunionization.stg.umn.edu, gradunionization.dev.umn.edu",irsfe008,gradunionization.umn.edu,OHR - Office of Human Resources,Inactive,False,,False,
1038,School of Dentistry Intranet,prod,"sodintranet.dev.umn.edu, sodintranet.stg.umn.edu",conradz,sodintranet.umn.edu,DENT - Dentistry,Inactive,False,,False,
1430,HR Leads,"dev, test, prod","hrleads.stg.umn.edu, hrleads.dev.umn.edu, hrleads.dl9.umn.edu",payet003,hrleads.umn.edu,OHR - Office of Human Resources,Inactive,False,,False,
1037,School of Dentistry Student Intranet,prod,"sodstudents.dev.umn.edu, sodstudents.stg.umn.edu",conradz,sodstudents.umn.edu,DENT - Dentistry,Inactive,False,,False,
1462,Content Hub Demo Site B,"dev, test","chdemo-site-b.dev.umn.edu, chdemo-site-b.stg.umn.edu","kjk, rimbu002, starr027, djk, amara060, dtadege, ehunter, ferna692, kristinw, pbhamidi, peake035, matt, batchiso",chdemo-site-b.umn.edu,OIT - Office of Information Technology,Inactive,False,,False,
1461,UMNDM Test site,"dev, test, prod","umndm.umn.edu, umndm.stg.umn.edu, umndm.dev.umn.edu","rimbu002, starr027, amara060, kjk, djk",aumndm.umn.edu,OIT - Office of Information Technology,Inactive,False,,False,
1463,Content Hub Demo Site A,"dev, test","chdemo-site-a.umn.edu, chdemo-site-a.dev.umn.edu, chdemo-site-a.stg.umn.edu","kjk, djk, rimbu002, amara060, starr027, dtadege, ehunter, ferna692, kristinw, pbhamidi, peake035, matt, batchiso",chdemo-site-a.umn.edu,OIT - Office of Information Technology,Inactive,False,,False,
1473,Wei,"dev, test, prod","weidev.dev.umn.edu, weidev.stg.umn.edu, wei.umn.edu",hsuxx272,weidev.umn.edu,OIT - Office of Information Technology,Inactive,False,,False,
1474,IT Content,"dev, test, prod","it-content.dev.umn.edu, it-content.stg.umn.edu","c-good, mamiller",it-content.umn.edu,OIT - Office of Information Technology,Inactive,False,,False,
1478,ME Lab Website Training,prod,"metraining.dev.umn.edu, metraining.stg.umn.edu",nelse007,metraining.umn.edu,OIT - Office of Information Technology,Inactive,False,,False,
1494,Unizin,"dev, test, prod","unizin.stg.umn.edu, unizin.dev.umn.edu, unizin.dl9.umn.edu","c-good, rjkos, kellie, stade",unizin.umn.edu,OIT - Office of Information Technology,Inactive,False,,False,
1495,Open Education Challenge Series,prod,"oechallenge.dev.umn.edu, oechallenge.stg.umn.edu",englu061,oechallenge.umn.edu,OIT - Office of Information Technology,Inactive,False,,False,
1507,dl8training.umn.edu,prod,dl8training.umn.edu,nelse007,dl8training.umn.edu,OIT - Office of Information Technology,Inactive,False,,False,
1499,D901 Test site,"dev, test, prod","umnd901.stg.umn.edu, umnd901.dev.umn.edu, umnd901.umn.edu",starr027,aaumnd901.umn.edu,OIT - Office of Information Technology,Inactive,False,,False,
1508,The Attic,"dev, prod","atline.umn.edu, atline.stg.umn.edu, attic.umn.edu, attic.dev.umn.edu",froye001,atline.umn.edu,OIT - Office of Information Technology,Inactive,False,,False,
31,Profiles,"dev, test","profiles.dev.umn.edu, profiles.stg.umn.edu","meyer150, lang0925, swart113",profiles.umn.edu,AAP - VP of Academic Affairs/Provost,Inactive,False,,False,
1511,Learning Analytics Meet Up,"test, prod",learning-analytics.stg.umn.edu,"kellie, c-good",learning-analytics.umn.edu,OIT - Office of Information Technology,Inactive,False,,False,
611,NSF REU Site: Neuroimaging for Cognitive Neuroscience,"test, prod","neuroimagingreu.stg.umn.edu, neuroimagingreu.dev.umn.edu, neuroimagingreu.dl9.umn.edu",engel,neuroimagingreu.umn.edu,CLA - PSYCH - Psychology,Inactive,False,,False,
13,Osalite,dev,"osalite.dev.umn.edu, osalite.stg.umn.edu",leibfrie,osalite.umn.edu,AAP - VP of Academic Affairs/Provost,Inactive,False,,False,
886,Barocas Research Group,prod,"barocas-bme.dev.umn.edu, barocas-bme.stg.umn.edu, barocas.bme.umn.edu",mcdo0486,barocas.bme.umn.edu,CSE - College of Science & Engineering,Inactive,False,,False,
1059,UM Learning Abroad Atlas,"dev, test, prod","umabroad-atlas.dev.umn.edu, umabroad-atlas.stg.umn.edu, umabroad-atlas.prd.umn.edu",volna007,umabroad-atlas.umn.edu,GPS Alliance,Inactive,False,,False,
1060,Watercooler,"dev, test, prod","umabroad-watercooler.dev.umn.edu, umabroad-watercooler.stg.umn.edu",volna007,umabroad-watercooler.umn.edu,GPS Alliance,Inactive,False,,False,
1073,ISSS Casebook,"dev, test, prod","casebook.dev.umn.edu, casebook.stg.umn.edu, www.casebook.umn.edu","emomtche, tdbedner, harri740",casebook.umn.edu,GPS Alliance,Inactive,False,,False,
543,GNSD Intranet,prod,"gnsd-intranet.dev.umn.edu, gnsd-intranet.stg.umn.edu",ejshort,gnsd-intranet.umn.edu,CLA - College of Liberal Arts,Inactive,False,,False,
1516,See Yourself: A History of Women in Technology at UMN,dev,"wit-stories.dev.umn.edu, wit-stories.stg.umn.edu",c-good,wit-stories.umn.edu,OIT - Office of Information Technology,Inactive,False,,False,
1517,OIT D8 02 test site,"dev, test, prod","oit-d8-07.dev.umn.edu, oit-d8-07.stg.umn.edu",,oit-d8-07.umn.edu,OIT - Office of Information Technology,Inactive,False,,False,
1549,Student Success Coaching Program,"dev, test","coaching.dev.umn.edu, coaching.stg.umn.edu","meyer150, lang0925",coaching.umn.edu,OUE - Office of Undergraduate Education,Inactive,False,,False,
1563,SUA Staff,prod,"staff-sua.stg.umn.edu, staff-sua.dev.umn.edu",fonta056,staff.sua.umn.edu,OVPR - Office of Vice President for Research,Inactive,False,,False,
1573,daynamica.umn.edu,prod,"daynamica.dev.umn.edu, daynamica.stg.umn.edu, daynamica.dl9.umn.edu, daynamica.umn.edu",yingling,daynamica.umn.edu,OVPR - Office of Vice President for Research,Inactive,False,,False,
1332,Rivera Mulia Lab,prod,"rivera-mulialab.dev.umn.edu, rivera-mulialab.stg.umn.edu",riveramj,rivera-mulialab.umn.edu,MED - Medical School,Inactive,False,,False,
1097,HRL Test,"dev, test, prod","hrltestdl.dl9.umn.edu, hrltechwiki.umn.edu, hrltestdl.stg.umn.edu, hrltestdl.dev.umn.edu, hrltechwiki.dl9.umn.edu, hrltechwiki.stg.umn.edu, hrltechwiki.dev.umn.edu",phamx039,hrltechwiki.umn.edu,HRL - Housing & Residential Life,Inactive,False,,False,
518,UMPhil,prod,"umphil.dev.umn.edu, umphil.stg.umn.edu",grand006,umphil.umn.edu,CLA - College of Liberal Arts,Inactive,False,,False,
277,LivestockEnvEng,prod,"livestockenveng-bbe.dev.umn.edu, livestockenveng-bbe.stg.umn.edu",lamxx025,livestockenveng.bbe.umn.edu,"CFANS - Food, Ag, & Natural Resource Sci",Inactive,False,,False,
1467,d907-01,"dev, test, prod","d907-01.dev.umn.edu, d907-01.stg.umn.edu, d907-01.prd.umn.edu, d907-01-a-record.umn.edu, www.d907-01-a-record.umn.edu, 907edge.umn.edu, www.907edge.umn.edu",kjk,d907-01.umn.edu,OIT - Office of Information Technology,Inactive,False,,False,
1589,Center for Cognitive Sciences,prod,cogsci.dl8.umn.edu,meyer150,cogsci.umn.edu,OVPR - Office of Vice President for Research,Inactive,False,,False,
1627,SPH Branding Development,"dev, test","dl-brand-sph.dev.umn.edu, dl-brand-sph.stg.umn.edu",stan0347,dl-brand.sph.umn.edu,SPH - School of Public Health,Inactive,False,,False,
1657,Second Language Education Graduate Student Association,"test, prod",slegsa.stg.umn.edu,sle,slegsa.umn.edu,SUA - CLP - Campus Life Program (Student Org),Inactive,False,,False,
1641,CCBR data management assets,dev,"ccbr-datmgt.dev.umn.edu, ccbr-datmgt.stg.umn.edu",colin,ccbr-datmgt.umn.edu,SPH - School of Public Health,Inactive,False,,False,
1710,kirby weddings,prod,"kirbyweddings-d.dev.umn.edu, kirbyweddings-d.stg.umn.edu","batchiso, sbradt, amanteuf",kirbyweddings.d.umn.edu,UMD - Duluth,Inactive,False,,False,
1692,Robotics (Crookston),"test, prod","robotics.dl8.umn.edu, robotics.stg.umn.edu, robotics.crk.umn.edu","albailey, murry035",robotics.umn.edu,UMC - Crookston,Inactive,False,,False,
1788,Incubator for Digital Entrepreneurship in the Creative Industries,prod,"idece.dev.umn.edu, ideci.d.umn.edu","batchiso, sbradt, amanteuf",idece.d.umn.edu,UMD - Duluth,Inactive,False,,False,
1810,Cues and Kicks,dev,"cuesandkicks-dl8.dev.umn.edu, cuesandkicks-dl8.stg.umn.edu","cmahan, pet00503, awojciec",cuesandkicks.umn.edu,UMF - University of MN Foundation,Inactive,False,,False,
1518,T2 WSH DE9 Sandbox,"dev, test","t2vcshsandbox.umn.edu, t2vcshsandbox.dev.umn.edu, t2vcshsandbox.stg.umn.edu","t2vcsh, corri129",t2vcshsandbox.umn.edu,OIT - Office of Information Technology,Inactive,False,,False,
1486,Solr Test,"test, prod","solrtest.umn.edu, solrtest.dev.umn.edu, solrtest.stg.umn.edu","rimbu002, starr027, amara060, djk",solrtest.umn.edu,OIT - Office of Information Technology,Inactive,False,,False,
1253,3D Printing & Imaging Lab,prod,"3dprinting.dev.umn.edu, 3dprinting.stg.umn.edu",comis010,3dprinting.umn.edu,MED - Medical School,Inactive,False,,False,
273,CFANS websites,prod,"websites-cfans.dev.umn.edu, websites-cfans.stg.umn.edu",lamxx025,websites.cfans.umn.edu,"CFANS - Food, Ag, & Natural Resource Sci",Inactive,False,,False,
1816,Morris Temp Dev Site,"dev, test","morris-d9-temp.dev.umn.edu, morris-d9-temp.stg.umn.edu","dtadege, nels2371, matt, thom7978, ehunter, ferna692, kristinw, pbhamidi, peake035, batchiso",morris-d9-temp.umn.edu,UMM - Morris,Inactive,False,,False,
1836,Team Dimitri Sandbox,"dev, test","team-dimitri-sandbox.dev.umn.edu, team-dimitri-sandbox.stg.umn.edu",dtadege,team-dimitri-sandbox.umn.edu,UR - University Relations (URel),Inactive,False,,False,
1115,Law Scholar D9,"dev, test, prod","law-scholar-d9.dev.umn.edu, law-scholar-d9.stg.umn.edu, law-scholar-d9.prd.umn.edu, www.scholar.law.umn.edu, scholar.law.umn.edu","dtrexel, fuchs142, incex011, kirkw068, byart",scholar.law.umn.edu,LAW,Inactive,False,,False,
278,Agronomy Intranet,prod,"agronomyintranet-cfans.dev.umn.edu, agronomyintranet-cfans.stg.umn.edu",lamxx025,agronomyintranet.cfans.umn.edu,"CFANS - Food, Ag, & Natural Resource Sci",Inactive,False,,False,
1840,Team Frank Sandbox,dev,"team-3-sandbox.umn.edu, team-3-sandbox.dev.umn.edu, team-3-sandbox.stg.umn.edu","nels2371, ferna692, peake035, batchiso",team-3-sanbox.umn.edu,UR - University Relations (URel),Inactive,False,,False,
1837,UR Site Inventory,"dev, test","ur-siteinventory.dev.umn.edu, ur-siteinventory.stg.umn.edu","dtadege, matt, nels2371",ur-siteinventory.umn.edu,UR - University Relations (URel),Inactive,False,,False,
1855,UR Clone,dev,"ur-clone.dev.umn.edu, ur-clone.stg.umn.edu","nels2371, dtadege, hinte019, ehunter, ferna692, kristinw, pbhamidi, peake035, matt, batchiso",ur-clone.umn.edu,UR - University Relations (URel),Inactive,False,,False,
1838,Team Matt Sandbox,dev,"team-matt-sandbox.dev.umn.edu, team-matt-sandbox.stg.umn.edu","dtadege, matt, nels2371, kristinw, ehunter",team-matt-sandbox.umn.edu,UR - University Relations (URel),Inactive,False,,False,
1412,OED VP Candidate Search,prod,"oedcandidates.dev.umn.edu, oedcandidates.stg.umn.edu",lisamars,oedcandidates.umn.edu,OED - Office for Equity & Diversity,Inactive,False,,False,
1861,UR D8 Training,"dev, test","ur-training.dev.umn.edu, ur-training.stg.umn.edu","dtadege, nels2371, sfroehli, hinte019, ehunter, ferna692, kristinw, pbhamidi, peake035, matt, batchiso",ur-training.umn.edu,UR - University Relations (URel),Inactive,False,,False,
1070,easystem.umn.edu,"dev, test, prod","easystem.dev.umn.edu, easystem.stg.umn.edu","blahnik, tdbedner, emomtche, harri740",easystem.umn.edu,GPS Alliance,Inactive,False,,False,
1346,Med Drupal Lite 8,prod,"med.dl8.umn.edu, med-dl8.dev.umn.edu, msfa.umn.edu",adangol,med.dl8.umn.edu,MED - Medical School,Inactive,False,,False,
1899,USIT D8 Folwell,"dev, test","d8usitfolwell.dev.umn.edu, d8usitfolwell.stg.umn.edu",irsfe008,d8usitfolwell.umn.edu,US - University Services,Inactive,False,,False,
1900,Drupal 8 Skunkworks,dev,"d8skunkworks.dev.umn.edu, d8skunkworks.stg.umn.edu",irsfe008,d8skunkworks.umn.edu,US - University Services,Inactive,False,,False,
1879,Theme,"urtst, dev, prod","theme.dev.umn.edu, theme.stg.umn.edu, theme.urtst.umn.edu","sfroehli, nels2371, dtadege, hinte019, ehunter, ferna692, kristinw, pbhamidi, peake035, matt, batchiso",theme.umn.edu,UR - University Relations (URel),Inactive,False,,False,
1909,Morrison Swine Health Monitoring Program,prod,"mnshmp-dl9.dev.umn.edu, mnshmp-dl9.stg.umn.edu, mnshmp.dl9.umn.edu, mshmp.umn.edu","valla020, yue00075",mnshmp.umn.edu,Vetmed - Veterinarian Medicine,Inactive,False,,False,
1933,Veterinary Anatomy,prod,veterinary-anatomy.dev.umn.edu,luss0021,veterinary.anatomy.umn.edu,Vetmed - Veterinarian Medicine,Inactive,False,,False,
1911,Veterinary Anatomy Museum,prod,"vetanatomy.stg.umn.edu, vetanatomy.dev.umn.edu, vetanatomy.dl9.umn.edu",luss0021,vetanatomy.museum.umn.edu,Vetmed - Veterinarian Medicine,Inactive,False,,False,
904,"Plasma, Power, and Propulsion Research Lab (3P)","test, prod","3p.dev.umn.edu, 3p.stg.umn.edu","mdunst, biswas",3p.umn.edu,CSE - College of Science & Engineering,Inactive,False,,False,
1939,collaborativewriting.umn.edu,"dev, test","collaborativewriting.dev.umn.edu, collaborativewriting.stg.umn.edu",moses004,collaborativewriting.umn.edu,,Inactive,False,,False,
1378,USIG - Undergraduate Surgery Interest Group,prod,usig.umn.edu,harm0031,usig.umn.edu,MED - SURG (Surgery),Inactive,False,,False,
1841,College in 3,prod,"collegein3.dev.umn.edu, collegein3.stg.umn.edu","dtadege, ehunter, ferna692, kristinw, pbhamidi, peake035, matt, batchiso",collegein3.umn.edu,UR - University Relations (URel),Inactive,False,,False,
1639,Nun Study,"dev, test, prod","nunstudy.dev.umn.edu, nunstudy.umn.edu, nunstudy.stg.umn.edu",meger001,nunstudy.umn.edu,SPH - School of Public Health,Inactive,False,,False,
1491,OIT Employees Center,"dev, test, prod","oit-employees.stg.umn.edu, oit-employees.dev.umn.edu",c-good,oit-employees.umn.edu,OIT - Office of Information Technology,Inactive,False,,False,
1632,Leadership Education and Training in Maternal and Child Health,prod,"let.dev.umn.edu, let.stg.umn.edu, www.let.umn.edu",johns260,let.umn.edu,SPH - School of Public Health,Inactive,False,,False,
1477,Noah's Sandbox,prod,"nc-sandbox.dev.umn.edu, nc-sandbox.stg.umn.edu",chalf007,nc-sandbox.umn.edu,OIT - Office of Information Technology,Inactive,False,,False,
1466,d907-02,"dev, test, prod","d907-02.dev.umn.edu, d907-02.stg.umn.edu, d907-02.prd.umn.edu, d907-02-a-record.umn.edu, d907-02.umn.edu",kjk,d907-02.umn.edu,OIT - Office of Information Technology,Inactive,False,,False,
1642,PLUS Consortium Intranet,"dev, test, prod","plusintranet.dev.umn.edu, plusintranet.stg.umn.edu, www.plusintranet.umn.edu, plusintranet.prd.umn.edu","chary, archi009, putnams",plusintranet.umn.edu,SPH - School of Public Health,Inactive,False,,False,
42,Working Better Together,"dev, test, prod","wbt.dev.umn.edu, wbt.stg.umn.edu, wbt.prd.umn.edu","meyer150, lang0925, swart113",wbt.umn.edu,AAP - VP of Academic Affairs/Provost,Inactive,False,,False,
1482,UMN D801 Test Site,"dev, test, prod","umnd801.dev.umn.edu, umnd801.stg.umn.edu",,umnd801.umn.edu,OIT - Office of Information Technology,Inactive,False,,False,
1049,HAB: Harmful Algae Blooms,"dev, test, prod","hab.stg.umn.edu, hab.dev.umn.edu",miss0035,hab.umn.edu,EXT - Extension,Inactive,False,,False,
81,Works Demo,"dev, test","demo-works.dev.umn.edu, demo-works.stg.umn.edu","meyer150, lang0925, swart113",demo-works.umn.edu,AAP - VP of Academic Affairs/Provost,Inactive,False,,False,
87,HST PCI DSS function,"dev, test","payments-ahc.dev.umn.edu, payments-ahc.stg.umn.edu",bjs,payments.ahc.umn.edu,AHC - Academic Health Center,Inactive,False,,False,
91,Neurology Research Development,"dev, test, prod","neuroresearchdev.stg.umn.edu, neuroresearchdev.dev.umn.edu, neuroresearchdev.dl9.umn.edu",hans5417,neuroresearchdev.umn.edu,AHC - Academic Health Center,Inactive,False,,False,
284,Forestry intranet,prod,"intranet-forestry.dev.umn.edu, intranet-forestry.stg.umn.edu","guerber, lamxx025",intranet.forestry.umn.edu,"CFANS - Food, Ag, & Natural Resource Sci",Inactive,False,,False,
1493,UMND902 Test site,"dev, test, prod","umnd902.dev.umn.edu, umnd902.stg.umn.edu, umnd902.umn.edu",starr027,aumnd902.umn.edu,OIT - Office of Information Technology,Inactive,False,,False,
100,Leung Lab,"test, prod","leunglab.stg.umn.edu, leunglab.dev.umn.edu, leunglab.dl9.umn.edu",ctleung,leunglab.umn.edu,AHC - Academic Health Center,Inactive,False,,False,
1416,OED Intranet,"dev, test, prod","oedintranet.stg.umn.edu, oedintranet.dev.umn.edu, oedintranet.dl8.umn.edu, oedintranet.umn.edu","lisamars, incex011, angus025, dougl361, dougl330",oedintranet.umn.edu,OED - Office for Equity & Diversity,Inactive,False,,False,
111,Cancer Center Survivorship Research Forum,prod,"ccsrf.umn.edu, ccsrf.dev.umn.edu",ford0439,ccsrf.umn.edu,AHC - Academic Health Center,Inactive,False,,False,
1095,Humphrey School of Public Affairs Intranet,"dev, test, prod","intranet-hhh-d9.dev.umn.edu, intranet-hhh-d9.stg.umn.edu, hub.hhh.umn.edu, intranet-hhh-d9.prd.umn.edu, intranet.hhh.umn.edu, hhh.umn.edu",tsalkas,intranet.hhh.umn.edu,HHH - Humphrey School of Public Affairs,Inactive,False,,False,
118,Human Resources Site,prod,cancerhr.umn.edu,jalkire,cancerhr.umn.edu,AHC - Academic Health Center,Inactive,False,,False,
122,Foresight,dev,"foresight.dev.umn.edu, foresight.stg.umn.edu",pfan0001,foresight.umn.edu,AHC - Academic Health Center,Inactive,False,,False,
127,Academic Support Resources Supervisors,"test, prod","asrsupervisors.stg.umn.edu, asrsupervisors.dev.umn.edu, asrsupervisors.dl9.umn.edu",rceresna,asrsupervisors.umn.edu,ASR - Academic Support Resources,Inactive,False,,False,
1913,Fang Li Lab,prod,"fanglilab.dev.umn.edu, fanglilab.stg.umn.edu","barne063, luss0021",fanglilab.umn.edu,Vetmed - Veterinarian Medicine,Inactive,False,,False,
1612,School of Statistics Intranet,"test, prod","intranet-stat.dev.umn.edu, intranet.stat.umn.edu, intranet-stat.stg.umn.edu",axel0072,intranet.stat.umn.edu,School of Statistics(10991),Inactive,False,,False,
134,One Stop Configuration Module Export,"dev, test","onestop-d9.dev.umn.edu, onestop-d9.stg.umn.edu, onestop-config.dev.umn.edu, onestop-config-module.dev.umn.edu","isen0011, thoma127, eeklund, whit0694, dlagerro, ande7947, simps614",onestop-config-module.umn.edu,ASR - Academic Support Resources,Inactive,False,,False,
153,Printing Services Video Library,dev,"psvideolibrary.dev.umn.edu, psvideolibrary.stg.umn.edu",anderslj,psvideolibrary.umn.edu,AUXS - Auxiliary Services,Inactive,False,,False,
177,Nanoliter Crystallization Facility,"dev, prod","ncf.dev.umn.edu, ncf.stg.umn.edu",shixx023,ncf.umn.edu,CBS - College of Biological Sciences,Inactive,False,,False,
185,Campaign for Cedar Creek,prod,"mnecologywalk.dev.umn.edu, mnecologywalk.stg.umn.edu",sxenos,mnecologywalk.umn.edu,CBS - College of Biological Sciences,Inactive,False,,False,
1200,Medical School Media Mentions,"dev, prod","mmm.dev.umn.edu, mmm.stg.umn.edu",adangol,mmm.umn.edu,MED - Medical School,Inactive,False,,False,
1575,Golf Club,"dev, test","golfclub.dl9.umn.edu, golfclub-dl9.dev.umn.edu, golfclub-dl9.stg.umn.edu",vegoe004,golfclub.umn.edu,OVPR - Office of Vice President for Research,Inactive,False,,False,
151,Auxiliary Services,"dev, test, prod","auxs.dev.umn.edu, auxs.stg.umn.edu, www.auxs.umn.edu","lambe144, anderslj",auxs.umn.edu,AUXS - Auxiliary Services,Inactive,False,,False,
1557,Institute on the Environment,"dev, test","environment.dev.umn.edu, environment.stg.umn.edu",reinh222,environment.umn.edu,OVPR - Office of Vice President for Research,None,False,,False,
211,Online and Educational Services,dev,"oes.dev.umn.edu, oes.stg.umn.edu",stein995,oes.umn.edu,CCAPS - Continuing and Professional Studies,Inactive,False,,False,
220,Marvin Collaboration,prod,"marvincollaboration.dev.umn.edu, marvincollaboration.stg.umn.edu",guzow001,marvincollaboration.umn.edu,CDES - College of Design,Inactive,False,,False,
222,Masters of Science in Research Practices,prod,"msrp-design.dev.umn.edu, msrp-design.stg.umn.edu",kagez001,msrp.design.umn.edu,CDES - College of Design,Inactive,False,,False,
225,Diversity and Design Program,prod,ddp.dev.umn.edu,"asamo015, aasojo",ddp.umn.edu,CDES - College of Design,Inactive,False,,False,
245,University of Minnesota Lab School,"test, prod","newlabschool.stg.umn.edu, newlabschool.dev.umn.edu, newlabschool.dl9.umn.edu",jeff,newlabschool.umn.edu,CEHD - College of Education & Human Development,Inactive,False,,False,
140,Transit Pass Activation,prod,"getetp.dev.umn.edu, getetp.stg.umn.edu, getetp.prd.umn.edu",nickm,getetp.umn.edu,AUXS - Auxiliary Services,Inactive,False,,False,
292,UlrikeTschirner,prod,"ulriketschirner-cfans.dev.umn.edu, ulriketschirner-cfans.stg.umn.edu","tschi007, lamxx025",ulriketschirner.cfans.umn.edu,"CFANS - Food, Ag, & Natural Resource Sci",Inactive,False,,False,
485,CFANS Clone,"dev, test, prod","cfansclone.dev.umn.edu, cfansclone.stg.umn.edu",lamxx025,cfansclone.umn.edu,"CFANS - Food, Ag, & Natural Resource Sci",Inactive,False,,False,
533,CLA Sandbox,"dev, test","sandbox-cla.dev.umn.edu, sandbox-cla.stg.umn.edu",simonw,sandbox.cla.umn.edu,CLA - College of Liberal Arts,Inactive,False,,False,
534,Ojibwe People's Dictionary,"dev, test","ojibwe.dev.umn.edu, ojibwe.stg.umn.edu",live0015,ojibwe.umn.edu,CLA - College of Liberal Arts,Inactive,False,,False,
550,U of M Maker Spaces,"dev, test, prod","makerspace.stg.umn.edu, makerspace.dev.umn.edu, makerspace.dl9.umn.edu",hase,makerspace.umn.edu,CLA - College of Liberal Arts,Inactive,False,,False,
544,frit-intranet.umn.edu,prod,"frit-intranet.dev.umn.edu, frit-intranet.stg.umn.edu",ejshort,frit-intranet.umn.edu,CLA - College of Liberal Arts,Inactive,False,,False,
572,Theatre Arts and Dance Intranet,"test, prod","intranet-theatre.stg.umn.edu, intranet-theatre.dev.umn.edu, intranet-theatre.dl9.umn.edu","volkm003, huxx0071",intranet.theatre.umn.edu,CLA - College of Liberal Arts,Inactive,False,,False,
538,Staff Intranet,prod,"frit-gnsd-staff-intranet.dev.umn.edu, frit-gnsd-staff-intranet.stg.umn.edu",ejshort,frit-gnsd-staff-intranet.umn.edu,CLA - College of Liberal Arts,Inactive,False,,False,
607,History of the University of Minnesota in 9 Episodes,"test, prod","hist1913.stg.umn.edu, hist1913.dev.umn.edu, hist1913.dl9.umn.edu",scrosson,hist1913.umn.edu,CLA - LATIS - Liberal Arts Tech Innovation Services,Inactive,False,,False,
604,hellman.dl.umn.edu,prod,hellman.dl8.umn.edu,grand006,hellman.dl.umn.edu,CLA - College of Liberal Arts,Inactive,False,,False,
628,Stellmack Stat Site,"test, prod","stellmack.stg.umn.edu, stellmack.dev.umn.edu, stellmack.dl8.umn.edu, stellmack.psych.umn.edu",smoeller,stellmack.umn.edu,CLA - PSYCH - Psychology,Inactive,False,,False,
1847,College of Pharmacy Intranet,"dev, test, prod","intranet-pharmacy-d9.dl9.umn.edu, intranet-pharmacy-d9.stg.umn.edu, intranet-pharmacy-d9.dev.umn.edu, www.intranet.pharmacy.umn.edu, intranet-pharmacy.umn.edu, intranet.pharmacy.umn.edu","dtadege, ehunter, ferna692, kristinw, pbhamidi, peake035, matt, batchiso",intranet.pharmacy.umn.edu,UR - University Relations (URel),Inactive,False,,False,
1167,ACTIV-6 NW,prod,"activ6-nw.dev.umn.edu, activ6-nw.stg.umn.edu",adangol,activ6-nw.umn.edu,MED - Medical School,Inactive,False,,False,
653,Precision Medicine and Health Consortium,"dev, test, prod","pmhc.stg.umn.edu, pmhc.dev.umn.edu, pmhc.dl9.umn.edu",dlv,pmhc.umn.edu,CoP - College of Pharmacy,Inactive,False,,False,
674,CSE Template Demo,"test, prod","demo-csetemplate.dev.umn.edu, demo-csetemplate.stg.umn.edu","rapa0020, danguyen",demo.csetemplate.umn.edu,CSE,Inactive,False,,False,
677,Ebtehaj Research Group,"test, prod","ebtehaj-cege.dev.umn.edu, ebtehaj-cege.stg.umn.edu",mcdo0486,ebtehaj.cege.umn.edu,CSE,Inactive,False,,False,
114,TeleFamilies,"dev, test, prod","telefamilies.dl8.umn.edu, telefamilies.stg.umn.edu, telefamilies.umn.edu",pfan0001,telefamilies.umn.edu,AHC - Academic Health Center,Inactive,False,,False,
1792,Sandbox (Lite),prod,"d8-lite.d.umn.edu, d8-lite-d.dev.umn.edu","batchiso, sbradt, amanteuf",d8-lite.d.umn.edu,UMD - Duluth,Inactive,False,,False,
684,Twin Cities Safety Cup,prod,"tcsafetycup.dev.umn.edu, tcsafetycup.stg.umn.edu",draho016,tcsafetycup.umn.edu,CSE,Inactive,False,,False,
687,Experimental Sedimentary Geology: Leftovers,"test, prod","ex-sed-esci.dev.umn.edu, ex-sed-esci.stg.umn.edu","kress004, cpaola",ex-sed.esci.umn.edu,CSE,Inactive,False,,False,
85,HealthEdToGo,prod,"healthedtogo.dev.umn.edu, healthedtogo.stg.umn.edu",bjs,healthedtogo.umn.edu,AHC - Academic Health Center,Inactive,False,,False,
1560,Census Mosaic,"dev, test, prod","censusmosaic.dev.umn.edu, censusmosaic.stg.umn.edu, mosaic.ipums.org","goray, mpcdrupl, amcwhinn, canin, sassc",censusmosaic.org,OVPR - Office of Vice President for Research,Inactive,False,,False,
734,Hu Research Group,"test, prod","hu.dl8.umn.edu, hu.stg.umn.edu, hugroup.cems.umn.edu",mcdo0486,hu.cems.umn.edu,CSE - CEMS - Chemical Engineering & Materials Sci,Inactive,False,,False,
746,Grads Research Group,"test, prod","grads.dl8.umn.edu, grads.stg.umn.edu, women-grads.cems.umn.edu",mcdo0486,grads.cems.umn.edu,CSE - CEMS - Chemical Engineering & Materials Sci,Inactive,False,,False,
757,Martiniani Research Group,prod,martiniani.cems.umn.edu,mcdo0486,martiniani.cems.umn.edu,CSE - CEMS - Chemical Engineering & Materials Sci,Inactive,False,,False,
759,GSWC,"test, prod","gswc.stg.umn.edu, gswc.dev.umn.edu, gswc.dl9.umn.edu",schul132,gswc.chem.umn.edu,CSE - CHEM - Dept of Chemistry,Inactive,False,,False,
1564,Institute on the Environment Intranet,prod,"intranet-environment.dev.umn.edu, intranet-environment.stg.umn.edu",gree2190,intranet.environment.umn.edu,OVPR - Office of Vice President for Research,Inactive,False,,False,
802,CSE IT Help Guides,"dev, test","help-cse.stg.umn.edu, help-cse.dev.umn.edu","danguyen, sgolley",help.cse.umn.edu,CSE - College of Science & Engineering,Inactive,False,,False,
1618,School of Nursing Intranet,prod,"nursingintranet.dev.umn.edu, nursingintranet.stg.umn.edu",pfan0001,nursingintranet.umn.edu,SoN - School of Nursing,Inactive,False,,False,
819,Scientific Computing,"test, prod","www.scicomp.umn.edu, scicomp.stg.umn.edu, scicomp.dev.umn.edu, scicomp.dl9.umn.edu",schul132,scicomp.umn.edu,CSE - College of Science & Engineering,Inactive,False,,False,
849,Robert D. Gehrz,"test, prod","gehrz.dev.umn.edu, gehrz.stg.umn.edu",gehrz001,gehrz.umn.edu,CSE - College of Science & Engineering,Inactive,False,,False,
858,Robert Lysak,"test, prod","lysak.dev.umn.edu, lysak.stg.umn.edu",lysak001,lysak.umn.edu,CSE - College of Science & Engineering,Inactive,False,,False,
851,Charles E. Woodward,"test, prod","cwoodward.dev.umn.edu, cwoodward.stg.umn.edu",woodw024,cwoodward.umn.edu,CSE - College of Science & Engineering,Inactive,False,,False,
200,CIS Database User Guide,"dev, test, prod","db-user-guide.stg.umn.edu, db-user-guide.dev.umn.edu, db-user-guide.dl9.umn.edu",ccecis,db-user-guide.umn.edu,CCAPS - Continuing and Professional Studies,Inactive,False,,False,
794,Quantum Phenomena School,"test, prod","quantum.dev.umn.edu, quantum.stg.umn.edu",suku0005,quantum.umn.edu,CSE - College of Science & Engineering,Inactive,False,,False,
909,Paleobiology and Paleoecology Group Site,"test, prod","umn-paleo-esci.dev.umn.edu, umn-paleo-esci.stg.umn.edu",dlfox,umn-paleo.esci.umn.edu,CSE - College of Science & Engineering,Inactive,False,,False,
910,Paleobiology and Paleoecology,"test, prod","paleobio-esci.dev.umn.edu, paleobio-esci.stg.umn.edu","kress004, dlfox",paleobio.esci.umn.edu,CSE - College of Science & Engineering,Inactive,False,,False,
912,Sairaj Dhople Faculty Page,"test, prod","sairajdhople.stg.umn.edu, sairajdhople.dev.umn.edu, sairajdhople.dl9.umn.edu",sdhople,sairajdhople.umn.edu,CSE - College of Science & Engineering,Inactive,False,,False,
920,MESA,"test, prod","mesa.stg.umn.edu, mesa.dev.umn.edu, mesa.dl9.umn.edu, mesa.esci.umn.edu",iwada,mesa.umn.edu,CSE - College of Science & Engineering,Inactive,False,,False,
947,Micro/Nanoscale Thermal Transport Laboratory,prod,mttl.dev.umn.edu,"zhan5628, lille164",mttl.umn.edu,CSE - College of Science & Engineering,Inactive,False,,False,
990,Wild Rice: A Grand Challenges Project,dev,"wildrice-gc.dev.umn.edu, wildrice-gc.stg.umn.edu",gcng,wildrice-gc.umn.edu,CSE - College of Science & Engineering,Inactive,False,,False,
989,urbangeo,dev,"urbangeo.dev.umn.edu, urbangeo.stg.umn.edu",feinberg,urbangeo.umn.edu,CSE - College of Science & Engineering,Inactive,False,,False,
1018,Carlson Women's Network,"test, prod","cwn.stg.umn.edu, cwn.dev.umn.edu, cwn.dl9.umn.edu","cardi051, janeflis",cwn.umn.edu,CSOM - Carlson School of Management,Inactive,False,,False,
1110,Law Stewardship,"dev, test, prod","stewardship-law.dev.umn.edu, stewardship-law.stg.umn.edu, stewardship-law.umn.edu","thale, dtrexel, byart, thom8963",stewardship.law.umn.edu,LAW,Inactive,False,,False,
798,Wonjun Lee,"test, prod","wlee.dev.umn.edu, wlee.stg.umn.edu",lee01273,wlee.umn.edu,CSE - College of Science & Engineering,Inactive,False,,False,
1150,Center for Healthy Youth Development,prod,"hyd.prd.umn.edu, hyd.dev.umn.edu, hyd.stg.umn.edu, hyd.umn.edu, chyd.prd.umn.edu, chyd.umn.edu, prc.umn.edu","baum0272, adangol",hyd.umn.edu,MED - Medical School,Inactive,False,,False,
1211,Infectious Disease and International Medicine Research Opportunities,prod,"idim-research-opp.dev.umn.edu, idim-research-opp.stg.umn.edu, idim-research.umn.edu",jeffy011,idim-research-opp.umn.edu,MED - Medical School,Inactive,False,,False,
1229,Ataxia Center,prod,"ataxiacenter.dev.umn.edu, ataxiacenter.stg.umn.edu, www.ataxiacenter.umn.edu, ataxiacenter.dl9.umn.edu","adangol, hans5471, neuro",ataxiacenter.umn.edu,MED - Medical School,Inactive,False,,False,
1255,Drupal Lite Standard Template,"dev, test, prod","medlabs.dl.umn.edu, medlabs.stg.umn.edu, medlabs.dev.umn.edu, medlabs.dl9.umn.edu",adangol,medlabs.umn.edu,MED - Medical School,Inactive,False,,False,
1305,Artistic Antidote for a Pandemic,prod,"artistic.dev.umn.edu, artistic.stg.umn.edu",adangol,artistic.umn.edu,MED - Medical School,Inactive,False,,False,
1312,APAMSA UMN,prod,"apamsa.dev.umn.edu, apamsa.stg.umn.edu",muth0011,apamsa.umn.edu,MED - Medical School,Inactive,False,,False,
1329,COVEX Mask Comparison Study,prod,"covexmask.dev.umn.edu, covexmask.stg.umn.edu",germo004,covexmask.umn.edu,MED - Medical School,Inactive,False,,False,
1331,Addictome,prod,"addictome.dev.umn.edu, addictome.stg.umn.edu",holmb178,addictome.umn.edu,MED - Medical School,Inactive,False,,False,
1334,MN CHIP,prod,"mnchip.dev.umn.edu, mnchip.stg.umn.edu",hayde138,mnchip.umn.edu,MED - Medical School,Inactive,False,,False,
1371,Converging Approaches to Neurodevelopment Lab,"dev, test, prod","canlab.dl.umn.edu, canlab.stg.umn.edu, canlab.dev.umn.edu, canlab.dl9.umn.edu, find.umn.edu",cconelea,canlab.umn.edu,MED - PSYCH - Psychiatry,Inactive,False,,False,
1390,Ipums Design System,"dev, test, prod","designsystem-ipums.dev.umn.edu, designsystem-ipums.stg.umn.edu, design.ipums.org","goray, amcwhinn, canin, sassc",designsystem.ipums.org,MPC,Inactive,False,,False,
1445,d907-05,"dev, test, prod","d907-05.stg.umn.edu, d907-05.dev.umn.edu, www.d907-05.umn.edu",,d907-05.umn.edu,OIT,Inactive,False,,False,
1444,UMND1003 Test Site,"dev, test, prod","umnd1003.umn.edu, umnd1003.stg.umn.edu, umnd1003.dev.umn.edu",starr027,aaumnd1003.umn.edu,OIT,Inactive,False,,False,
1447,UMN D907 Test site,"dev, test, prod","umnd907.stg.umn.edu, umnd907.dev.umn.edu, umnd907.umn.edu, www.umnd907.umn.edu","starr027, rimbu002, amara060",aumnd907.umn.edu,OIT,Inactive,False,,False,
1431,University of Minnesota Leadership Challenges,"test, prod","erveca.stg.umn.edu, erveca.dev.umn.edu, erveca.dl9.umn.edu",oalepova,erveca.ltd.umn.edu,OHR - Office of Human Resources,None,False,,False,
1393,Cha Lab,"test, prod","cha-lab.dev.umn.edu, cha-lab.stg.umn.edu",ycha,cha-lab.umn.edu,NEUR,Inactive,False,,False,
1402,CompNeuro,prod,"compneuro.umn.edu, neuroeconomics.umn.edu",redish,compneuro.umn.edu,NSCI Neuroscience Admin (11918),Inactive,False,,False,
1149,DOMHub,prod,"domhub.dev.umn.edu, domhub.stg.umn.edu","sporter, adangol",domhub.umn.edu,MED - Medical School,Inactive,False,,False,
1364,CPOMResearch,prod,"cpomresearch.dev.umn.edu, cpomresearch.stg.umn.edu",jens0034,cpomresearch.umn.edu,MED - PEDS - Pediatric,Inactive,False,,False,
1793,Sandbox (Enterprise),dev,"d8sandbox.dev.d.umn.edu, d8sandbox.stg.d.umn.edu","amanteuf, batchiso, sbradt",d8sandbox.d.umn.edu,UMD - Duluth,Inactive,False,,False,
1898,USIT DL8 Skunkworks,prod,usitskunkworks.dl8.umn.edu,irsfe008,usitskunkworks.umn.edu,US - University Services,Inactive,False,,False,
831,Neurotechnology Outreach-Resources-Training Hub for Successfully Translating Advanced Research,"test, prod","northstar-dl9.dev.umn.edu, northstar-dl9.stg.umn.edu, northstar.dl9.umn.edu",mcdo0486,northstar.umn.edu,CSE - College of Science & Engineering,Inactive,False,,False,
594,Commencement,"dev, test, prod","commencement.dl8.umn.edu, asecommencement.umn.edu, commencement.dev.umn.edu, commencement.stg.umn.edu",jcoffman,commencement.umn.edu,CLA - College of Liberal Arts,Inactive,False,,False,
1188,Campo Lab,prod,"campolab.dev.umn.edu, campolab.stg.umn.edu",mcampo,campolab.umn.edu,MED - Medical School,Inactive,False,,False,
1151,NEAT-O Research Study,prod,"neato.dev.umn.edu, neato.stg.umn.edu","adangol, mark0675",neato.umn.edu,MED - Medical School,Inactive,False,,False,
745,Mara Research Group,"test, prod","mara.dl8.umn.edu, mara.stg.umn.edu, mara.dev.umn.edu",mcdo0486,mara.cems.umn.edu,CSE - CEMS - Chemical Engineering & Materials Sci,None,False,,False,
