id,title,environments,aliases,owners,primary_url,department,notes,pope_tech,errors,active,cms
797,2023 Midwest Workshop on Control and Game Theory,prod,"mwcgt2023.dev.umn.edu, mwcgt2023.stg.umn.edu",kdukart,mwcgt2023.umn.edu,CSE - College of Science & Engineering,None,False,,True,Drupal
788,2024 Dusty Plasma Workshop,"test, prod","dpw2024.dev.umn.edu, dpw2024.stg.umn.edu","korts001, kumar749",dpw2024.umn.edu,CSE - College of Science & Engineering,None,False,,True,Drupal
792,3D Electronics Center,prod,"3de.dev.umn.edu, 3de.stg.umn.edu, threede.umn.edu",mfburns,3de.umn.edu,CSE - College of Science & Engineering,None,False,,True,Drupal
873,acmw,prod,"acmw.stg.umn.edu, acmw.dev.umn.edu, acmw.dl9.umn.edu, acmw.umn.edu","watt0087, kmthomas",acmw.umn.edu,CSE - College of Science & Engineering,None,False,,True,Drupal
769,ACS UMN Student Chapter,prod,"acs.stg.umn.edu, acs.dev.umn.edu, acs.dl9.umn.edu",schul132,acs.chem.umn.edu,CSE - College of Science & Engineering,Moved from CSE - CHEM - Dept of Chemistry on 2025-05-15,False,,True,Drupal
1010,Adel Elmahdy,prod,"adel.dev.umn.edu, adel.stg.umn.edu, adel.dl8.umn.edu",adel,adel.umn.edu,CSE - College of Science & Engineering,Moved from CSE - ECE - Electrical & Comp Engineering on 2025-05-15,False,,True,Drupal
823,AEM2022,prod,"aem2022.dev.umn.edu, aem2022.stg.umn.edu",barne003,aem2022.umn.edu,CSE - College of Science & Engineering,None,False,,True,Drupal
888,Akkin Lab,"dev, test, prod","akkinlab.stg.umn.edu, akkinlab.dev.umn.edu, akkinlab.dl9.umn.edu","akkin, mcdo0486",akkinlab.umn.edu,CSE - College of Science & Engineering,None,False,,True,Drupal
661,Ali Sulaiman,prod,"sulaiman.dev.umn.edu, sulaiman.stg.umn.edu",khand080,sulaiman.umn.edu,CSE - College of Science & Engineering,Moved from CSE on 2025-05-15,False,,True,Drupal
982,AMAAZE,"test, prod",amaaze.stg.umn.edu,"olver, yezz0003, jwcalder",amaaze.umn.edu,CSE - College of Science & Engineering,None,False,,True,Drupal
983,American Society of Mechanical Engineers,prod,"asme.dl8.umn.edu, asme.umn.edu",brose044,asme.umn.edu,CSE - College of Science & Engineering,None,False,,True,Drupal
692,Aqueous Geochemistry,prod,"aqueousgeochem.dev.umn.edu, aqueousgeochem.stg.umn.edu",wes,aqueousgeochem.esci.umn.edu,CSE - College of Science & Engineering,Moved from CSE on 2025-05-15,False,,True,Drupal
1005,arctic,"test, prod","www.arctic.umn.edu, arctic.stg.umn.edu, arctic.dev.umn.edu, arctic.dl9.umn.edu",lilja,arctic.umn.edu,CSE - College of Science & Engineering,Moved from CSE - ECE - Electrical & Comp Engineering on 2025-05-15,False,,True,Drupal
781,ASCEND,prod,"ascend.stg.umn.edu, ascend.dev.umn.edu",sang,ascend.umn.edu,CSE - College of Science & Engineering,None,False,,True,Drupal
949,Automotive Propulsion Control Laboratory,prod,apcl.dev.umn.edu,"suh00016, lille164, mdunst",apcl.umn.edu,CSE - College of Science & Engineering,None,False,,True,Drupal
776,AV Teleoperation,"test, prod","avteleoperation.dev.umn.edu, avteleoperation.prd.umn.edu","zhang089, gurum021, fezeu001, bilal021, carpe415",avteleoperation.umn.edu,CSE - College of Science & Engineering,None,False,,True,Drupal
738,Azarin Research Group,"test, prod","azarin.dl8.umn.edu, azarin.stg.umn.edu",mcdo0486,azarin.cems.umn.edu,CSE - College of Science & Engineering,Moved from CSE - CEMS - Chemical Engineering & Materials Sci on 2025-05-15,False,,True,Drupal
846,Barany Research Group,"dev, test, prod","barany.stg.umn.edu, barany.dev.umn.edu, barany.dl9.umn.edu","barany, schul132",barany.chem.umn.edu,CSE - College of Science & Engineering,None,False,,True,Drupal
665,Bartel Research Group,"test, prod","bartel-cems.dev.umn.edu, bartel-cems.stg.umn.edu",mcdo0486,bartel.cems.umn.edu,CSE - College of Science & Engineering,Moved from CSE on 2025-05-15,False,,True,Drupal
755,Bates Research Group,"test, prod","bates.dl8.umn.edu, bates.stg.umn.edu",mcdo0486,bates.cems.umn.edu,CSE - College of Science & Engineering,Moved from CSE - CEMS - Chemical Engineering & Materials Sci on 2025-05-15,False,,True,Drupal
766,Bhagi-Damodaran Research Group,"test, prod","bhagi-damodaran.stg.umn.edu, bhagi-damodaran.dev.umn.edu, bhagi-damodaran.dl9.umn.edu",schul132,bhagi-damodaran.chem.umn.edu,CSE - College of Science & Engineering,Moved from CSE - CHEM - Dept of Chemistry on 2025-05-15,False,,True,Drupal
752,bhan Research Group,"test, prod","bhan.dl8.umn.edu, bhan.stg.umn.edu",mcdo0486,bhan.cems.umn.edu,CSE - College of Science & Engineering,Moved from CSE - CEMS - Chemical Engineering & Materials Sci on 2025-05-15,False,,True,Drupal
666,Bio-Inspired Design,prod,"bioinspired-design.dev.umn.edu, bioinspired-design.stg.umn.edu","guzow001, banke107, levin666, li001448",bioinspired-design.umn.edu,CSE - College of Science & Engineering,Moved from CSE on 2025-05-15,False,,True,Drupal
953,BioCoR,prod,"biocor.dev.umn.edu, biocor.dl8.umn.edu, www.biocor.umn.edu, biocor.umn.edu",duart061,biocor.umn.edu,CSE - College of Science & Engineering,None,False,,True,Drupal
824,Biogel Labs,"test, prod","biogellabs.stg.umn.edu, biogellabs.dev.umn.edu, biogellabs.dl9.umn.edu, biogellabs.umn.edu",aaksan,biogels.umn.edu,CSE - College of Science & Engineering,None,False,,True,Drupal
728,birol Research Group,"test, prod","birol.dl8.umn.edu, birol.stg.umn.edu, birol.cems.umn.edu",mcdo0486,birol.cems.umn.edu,CSE - College of Science & Engineering,Moved from CSE - CEMS - Chemical Engineering & Materials Sci on 2025-05-15,False,,True,Drupal
707,Blank Research Group in Chemistry,"test, prod","blank.stg.umn.edu, blank.dev.umn.edu, blank.dl9.umn.edu","blank, schul132",blank.chem.umn.edu,CSE - College of Science & Engineering,Moved from CSE - CEMS - Chemical Engineering & Materials Sci on 2025-05-15,False,,True,Drupal
977,Blue Cube,prod,bluecube.umn.edu,"hubel001, grewe028",bluecube.umn.edu,CSE - College of Science & Engineering,None,False,,True,Drupal
715,BME Women Grad Group,prod,"gradwomen.bme.umn.edu, gradwomen.dev.umn.edu","mcdo0486, cummi488",gradwomen.bme.umn.edu,CSE - College of Science & Engineering,Moved from CSE - CEMS - Chemical Engineering & Materials Sci on 2025-05-15,False,,True,Drupal
704,Boehnke Group,prod,"boehnke-cems.dev.umn.edu, boehnke-cems.stg.umn.edu",mcdo0486,boehnke.cems.umn.edu,CSE - College of Science & Engineering,Moved from CSE - CEMS - Chemical Engineering & Materials Sci on 2025-05-15,False,,True,Drupal
893,Boundary Element Method and Green's functions,prod,"george-and-bem-cege.dev.umn.edu, george-and-bem-cege.stg.umn.edu, george-and-bem-cege.dl9.umn.edu, george-and-bem.cege.umn.edu",mcdo0486,george-and-bem.cege.umn.edu,CSE - College of Science & Engineering,None,False,,True,Drupal
814,Bowser Research Group,"test, prod","bowser-chem.dev.umn.edu, bowser-chem.stg.umn.edu",burke635,bowser.chem.umn.edu,CSE - College of Science & Engineering,None,False,,True,Drupal
737,calabrese Research Group,"test, prod","calabrese.dl8.umn.edu, calabrese.stg.umn.edu, calabrese.cems.umn.edu",mcdo0486,calabrese.cems.umn.edu,CSE - College of Science & Engineering,Moved from CSE - CEMS - Chemical Engineering & Materials Sci on 2025-05-15,False,,True,Drupal
804,Cancer Bioengineering Initiative,prod,"cancerbioengineering.dev.umn.edu, cancerbioengineering.stg.umn.edu",mhoedema,cancerbioengineering.umn.edu,CSE - College of Science & Engineering,None,False,,True,Drupal
765,Carlson Research Group,"test, prod","carlson.stg.umn.edu, carlson.dev.umn.edu, carlson.dl9.umn.edu",schul132,carlson.chem.umn.edu,CSE - College of Science & Engineering,Moved from CSE - CHEM - Dept of Chemistry on 2025-05-15,False,,True,Drupal
668,CarrieEJennings.umn.edu,prod,"carrieejennings.umn.edu, carrieejennings.dev.umn.edu, carrieejennings.stg.umn.edu",carrie,carrieejennings.umn.edu,CSE - College of Science & Engineering,Moved from CSE on 2025-05-15,False,,True,Drupal
812,CAUSE,"dev, test, prod","cause.stg.umn.edu, cause.dev.umn.edu, cause.dl9.umn.edu",xion1300,cause.umn.edu,CSE - College of Science & Engineering,None,False,,True,Drupal
1606,Cavitation and Bubbly Flows,"dev, test, prod","cav.stg.umn.edu, cav.dev.umn.edu, cav.dl9.umn.edu, cav.safl.umn.edu","ctn, imxxx021, jhong",cav.umn.edu,CSE - College of Science & Engineering,Moved from SAFL - St Anthony Falls Lab on 2025-05-15,False,,True,Drupal
739,cbt Research Group,"test, prod","cbt.dl8.umn.edu, cbt.stg.umn.edu, cbt.cems.umn.edu",mcdo0486,cbt.cems.umn.edu,CSE - College of Science & Engineering,Moved from CSE - CEMS - Chemical Engineering & Materials Sci on 2025-05-15,False,,True,Drupal
711,CEMS Graduate Students Committee,prod,"gsc-cems.dev.umn.edu, gsc-cems.stg.umn.edu",mcdo0486,gsc.cems.umn.edu,CSE - College of Science & Engineering,Moved from CSE - CEMS - Chemical Engineering & Materials Sci on 2025-05-15,False,,True,Drupal
931,CEMS Students Organizing Against Racism Group,prod,"soar-cems.dev.umn.edu, soar-cems.stg.umn.edu","cems-itoffice, mcdo0486",soar.cems.umn.edu,CSE - College of Science & Engineering,None,False,,True,Drupal
935,CEMS Teaching Labs,prod,"teachinglabs-cems.dev.umn.edu, teachinglabs-cems.stg.umn.edu",dorfman,teachinglabs.cems.umn.edu,CSE - College of Science & Engineering,None,False,,True,Drupal
926,Center for Diesel Research,prod,"cdr.dev.umn.edu, cdr.stg.umn.edu, cdr.umn.edu, mnttl.umn.edu","srhaag, agarw161",cdr.umn.edu,CSE - College of Science & Engineering,None,False,,True,Drupal
967,Center for Excellence in Sensing Technologies & Analytics,prod,"cesta.dl8.umn.edu, cesta.dev.umn.edu, cesta.umn.edu",seefe019,cesta.umn.edu,CSE - College of Science & Engineering,None,False,,True,Drupal
966,Center for Filtration Research,prod,"cfr.dev.umn.edu, cfr.stg.umn.edu",sckim,cfr.umn.edu,CSE - College of Science & Engineering,None,False,,True,Drupal
818,Center for Neuroengineering,"dev, test, prod","www.cne.umn.edu, cne.stg.umn.edu, cne.dev.umn.edu, cne.dl9.umn.edu","mcdo0486, tnetoff",cne.umn.edu,CSE - College of Science & Engineering,None,False,,True,Drupal
803,Center for Programmable Energy Catalysis,"test, prod","cpec.dev.umn.edu, cpec.stg.umn.edu, www.cpec.umn.edu",mcdo0486,cpec.umn.edu,CSE - College of Science & Engineering,None,False,,True,Drupal
878,Center for Quantum Materials,"dev, test, prod","cqm.stg.umn.edu, cqm.dev.umn.edu, cqm.dl9.umn.edu",greven,cqm.umn.edu,CSE - College of Science & Engineering,None,False,,True,Drupal
779,Center for Sustainable Polymers (CSP),prod,"csp.dev.umn.edu, csp.stg.umn.edu",hillmyer,csp.umn.edu,CSE - College of Science & Engineering,None,False,,True,Drupal
1002,Changhyun Choi Website,"test, prod","choice.stg.umn.edu, choice.dev.umn.edu, choice.dl9.umn.edu",cchoi,choice.umn.edu,CSE - College of Science & Engineering,Moved from CSE - ECE - Electrical & Comp Engineering on 2025-05-15,False,,True,Drupal
761,Chemistry Advising,"test, prod","advise.stg.umn.edu, advise.dev.umn.edu, advise.dl9.umn.edu",schul132,advise.chem.umn.edu,CSE - College of Science & Engineering,Moved from CSE - CHEM - Dept of Chemistry on 2025-05-15,False,,True,Drupal
736,cheng Research Group,"test, prod","cheng.dl8.umn.edu, cheng.stg.umn.edu",mcdo0486,cheng.cems.umn.edu,CSE - College of Science & Engineering,Moved from CSE - CEMS - Chemical Engineering & Materials Sci on 2025-05-15,False,,True,Drupal
1000,Chris Kim Faculty Page,"test, prod","chriskim.stg.umn.edu, chriskim.dev.umn.edu, chriskim.dl9.umn.edu",chriskim,chriskim.umn.edu,CSE - College of Science & Engineering,Moved from CSE - ECE - Electrical & Comp Engineering on 2025-05-15,False,,True,Drupal
801,Circularity,"test, prod","circularity.dev.umn.edu, circularity.stg.umn.edu","renda003, alementi",circularity.umn.edu,CSE - College of Science & Engineering,None,False,,True,Drupal
856,Clement Pryke,"test, prod","pryke.dev.umn.edu, pryke.stg.umn.edu",cspryke,pryke.umn.edu,CSE - College of Science & Engineering,None,False,,True,Drupal
923,Code The Gap,"dev, test, prod","codethegap.dev.umn.edu, codethegap.stg.umn.edu","rampa009, watt0087",codethegap.umn.edu,CSE - College of Science & Engineering,None,False,,True,Drupal
723,cogs Research Group,"test, prod","cogs.dl8.umn.edu, cogs.stg.umn.edu",mcdo0486,cogs.cems.umn.edu,CSE - College of Science & Engineering,Moved from CSE - CEMS - Chemical Engineering & Materials Sci on 2025-05-15,False,,True,Drupal
778,Cold Climate Center of Excellence for Stormwater Infrastructure Technologies (CCCESIT),prod,"cccesit.dev.umn.edu, cccesit.stg.umn.edu","eric0706, mcdo0486",cccesit.umn.edu,CSE - College of Science & Engineering,None,False,,True,Drupal
848,Common Minerals,prod,"commonminerals-esci.dev.umn.edu, commonminerals-esci.stg.umn.edu",kirkby,commonminerals.esci.umn.edu,CSE - College of Science & Engineering,None,False,,True,Drupal
954,Complex Fluids and Multiphase Flows/Dutcher Group,prod,cfmf.dev.umn.edu,"liu00033, lille164",cfmf.umn.edu,CSE - College of Science & Engineering,None,False,,True,Drupal
660,Computational Hypersonics Research Laboratory,prod,"hypersonics.dev.umn.edu, hypersonics.stg.umn.edu","hypersonics, ribei046",hypersonics.umn.edu,CSE - College of Science & Engineering,Moved from CSE on 2025-05-15,False,,True,Drupal
680,Computational Reactive Flow & Energy Lab,"test, prod","crfel.dev.umn.edu, crfel.stg.umn.edu",agarw161,crfel.umn.edu,CSE - College of Science & Engineering,Moved from CSE on 2025-05-15,False,,True,Drupal
987,"Control, Robotics, and Intelligent Systems Laboratory",prod,cories.aem.umn.edu,daksaray,cories.aem.umn.edu,CSE - College of Science & Engineering,None,False,,True,Drupal
1011,Coronavirus Research Group at ECE,prod,"coronavirus-ece.dev.umn.edu, coronavirus.ece.umn.edu, covid19.ece.umn.edu",jpwang,coronavirus.ece.umn.edu,CSE - College of Science & Engineering,Moved from CSE - ECE - Electrical & Comp Engineering on 2025-05-15,False,,True,Drupal
748,cpfp Research Group,"test, prod","cpfp.dl8.umn.edu, cpfp.stg.umn.edu",mcdo0486,cpfp.cems.umn.edu,CSE - College of Science & Engineering,Moved from CSE - CEMS - Chemical Engineering & Materials Sci on 2025-05-15,False,,True,Drupal
915,CPFP Short Course,prod,"cpfpshortcourse-cems.dev.umn.edu, cpfpshortcourse-cems.stg.umn.edu",mcdo0486,cpfpshortcourse.cems.umn.edu,CSE - College of Science & Engineering,None,False,,True,Drupal
659,CRCNS conference homepage,prod,"crcns2024.dev.umn.edu, crcns2024.stg.umn.edu","aopitz, ialeksei, berg2944",crcns2024.umn.edu,CSE - College of Science & Engineering,Moved from CSE on 2025-05-15,False,,True,Drupal
847,CSE-IT Drupal Lite Test Site,"test, prod","cseittest.dev.umn.edu, cseittest.stg.umn.edu",sgolley,cseittest.umn.edu,CSE - College of Science & Engineering,None,False,,True,Drupal
714,CSE 1012,prod,"cse1012-cems.dev.umn.edu, cse1012-cems.stg.umn.edu",mcdo0486,cse1012.cems.umn.edu,CSE - College of Science & Engineering,Moved from CSE - CEMS - Chemical Engineering & Materials Sci on 2025-05-15,False,,True,Drupal
945,CSE Student Organizations,"test, prod","cseorgs.stg.umn.edu, cseorgs.dev.umn.edu, cseorgs.dl8.umn.edu",koch0137,cseorgs.umn.edu,CSE - College of Science & Engineering,None,False,,True,Drupal
985,Cui Lab,prod,cui.umn.edu,"liu01003, cuixx006",cui.me.umn.edu,CSE - College of Science & Engineering,None,False,,True,Drupal
879,CUSP,"dev, test, prod","cusp.stg.umn.edu, cusp.dev.umn.edu, cusp.dl9.umn.edu","mohan, rajux018, kdukart",cusp.umn.edu,CSE - College of Science & Engineering,None,False,,True,Drupal
864,Cynthia Cattell,"test, prod","cattell.dev.umn.edu, cattell.stg.umn.edu",cattell,cattell.umn.edu,CSE - College of Science & Engineering,None,False,,True,Drupal
754,daoutidis Research Group,"test, prod","daoutidis.dl8.umn.edu, daoutidis.stg.umn.edu",mcdo0486,daoutidis.cems.umn.edu,CSE - College of Science & Engineering,Moved from CSE - CEMS - Chemical Engineering & Materials Sci on 2025-05-15,False,,True,Drupal
971,Data Science Multi-messenger Astronomy,"dev, test, prod","dsmma.umn.edu, dsmma.dev.umn.edu, dsmma.stg.umn.edu","astrong, vuk",dsmma.umn.edu,CSE - College of Science & Engineering,None,False,,True,Drupal
747,dauenhauer Research Group,"test, prod","dauenhauer.dl8.umn.edu, dauenhauer.stg.umn.edu",mcdo0486,dauenhauer.cems.umn.edu,CSE - College of Science & Engineering,Moved from CSE - CEMS - Chemical Engineering & Materials Sci on 2025-05-15,False,,True,Drupal
1001,David Orser Faculty Page,"test, prod","davidorser.stg.umn.edu, davidorser.dev.umn.edu, davidorser.dl9.umn.edu",orser,davidorser.umn.edu,CSE - College of Science & Engineering,Moved from CSE - ECE - Electrical & Comp Engineering on 2025-05-15,False,,True,Drupal
735,Derby Research Group,"test, prod","derby.dl8.umn.edu, derby.stg.umn.edu",mcdo0486,derby.cems.umn.edu,CSE - College of Science & Engineering,Moved from CSE - CEMS - Chemical Engineering & Materials Sci on 2025-05-15,False,,True,Drupal
963,Design of Active Materials and Structures Laboratory (DAMSL),prod,"damsl.me.umn.edu, damsl-me.dev.umn.edu",jabel,damsl.me.umn.edu,CSE - College of Science & Engineering,None,False,,True,Drupal
670,Diana Dalbotten,prod,"dianadalbotten.dev.umn.edu, dianadalbotten.stg.umn.edu",dianad,dianadalbotten.umn.edu,CSE - College of Science & Engineering,Moved from CSE on 2025-05-15,False,,True,Drupal
703,Distefano Research Group,"dev, test, prod","distefano.stg.umn.edu, distefano.dev.umn.edu, distefano.dl9.umn.edu","diste001, schul132",distefano.chem.umn.edu,CSE - College of Science & Engineering,Moved from CSE - CEMS - Chemical Engineering & Materials Sci on 2025-05-15,False,,True,Drupal
727,Dorfman Research Group,"dev, test, prod","dorfman.dl8.umn.edu, dorfman.stg.umn.edu, dorfman.dev.umn.edu, dorfman.cems.umn.edu","mcdo0486, dorfman",dorfman.cems.umn.edu,CSE - College of Science & Engineering,Moved from CSE - CEMS - Chemical Engineering & Materials Sci on 2025-05-15,False,,True,Drupal
808,Douglas Research Group,"test, prod","douglas.stg.umn.edu, douglas.dev.umn.edu, douglas.dl9.umn.edu",schul132,douglas.chem.umn.edu,CSE - College of Science & Engineering,None,False,,True,Drupal
683,Drupal Lite Template for CSE sub-units,"dev, test, prod","csetemplate.dev.umn.edu, csetemplate.stg.umn.edu",rapa0020,csetemplate.umn.edu,CSE - College of Science & Engineering,Moved from CSE on 2025-05-15,False,,True,Drupal
903,"Earth & Environmental Sciences Diversity, Equity, and Inclusion Committee","test, prod","dei-esci.dev.umn.edu, dei-esci.stg.umn.edu",kress004,dei.esci.umn.edu,CSE - College of Science & Engineering,None,False,,True,Drupal
815,Earth Year Project,prod,"earthyear-esci.dev.umn.edu, earthyear-esci.dev.umn.edu",kirkby,earthyear.esci.umn.edu,CSE - College of Science & Engineering,None,False,,True,Drupal
951,ECE Depot,"test, prod","depot.dl8.umn.edu, depot.stg.umn.edu, depot.dev.umn.edu, depot.ece.umn.edu",kdukart,depot.ece.umn.edu,CSE - College of Science & Engineering,None,False,,True,Drupal
796,ECE WEC Resources,"test, prod","ecewec.dev.umn.edu, ecewec.stg.umn.edu",ung00001,ecewec.umn.edu,CSE - College of Science & Engineering,None,False,,True,Drupal
679,Edwards Trace Metal Isotope Geochemistry Laboratory,prod,"tmisotopelab-esci.dev.umn.edu, tmisotopelab-esci.stg.umn.edu",parme045,tmisotopelab.esci.umn.edu,CSE - College of Science & Engineering,Moved from CSE on 2025-05-15,False,,True,Drupal
786,Electric Machinery and Levitation Laboratory,prod,"elev.dev.umn.edu, elev.stg.umn.edu",sever,elev.umn.edu,CSE - College of Science & Engineering,None,False,,True,Drupal
718,Ellison Research Group,"test, prod","ellison.dl8.umn.edu, ellison.stg.umn.edu",mcdo0486,ellison.cems.umn.edu,CSE - College of Science & Engineering,Moved from CSE - CEMS - Chemical Engineering & Materials Sci on 2025-05-15,False,,True,Drupal
986,enet-hpc.enet.umn.edu,prod,enet-hpc.enet.umn.edu,muno,enet-hpc.enet.umn.edu,CSE - College of Science & Engineering,None,False,,True,Drupal
799,Engineers Without Borders,"test, prod","ewb.dev.umn.edu, ewb.stg.umn.edu",capel001,ewb.umn.edu,CSE - College of Science & Engineering,None,False,,True,Drupal
1603,EOLOS Wind Energy Research Consortium,"dev, test, prod","eolos.stg.umn.edu, eolos.dev.umn.edu, eolos.dl9.umn.edu","ctn, helge407, bran0487",eolos.umn.edu,CSE - College of Science & Engineering,Moved from SAFL - St Anthony Falls Lab on 2025-05-15,False,,True,Drupal
853,Evan D. Skillman,"test, prod","skillman.dev.umn.edu, skillman.stg.umn.edu",skill001,skillman.umn.edu,CSE - College of Science & Engineering,None,False,,True,Drupal
975,Explore Computer Science Research,prod,"explorecsr.umn.edu, explorecsr.dev.umn.edu",watt0087,explorecsr.umn.edu,CSE - College of Science & Engineering,None,False,,True,Drupal
753,Ferry Research Group,"test, prod","ferry.dl8.umn.edu, ferry.stg.umn.edu",mcdo0486,ferry.cems.umn.edu,CSE - College of Science & Engineering,Moved from CSE - CEMS - Chemical Engineering & Materials Sci on 2025-05-15,False,,True,Drupal
740,Flannigan Research Group,"test, prod","flannigan.dl8.umn.edu, flannigan.stg.umn.edu",mcdo0486,flannigan.cems.umn.edu,CSE - College of Science & Engineering,Moved from CSE - CEMS - Chemical Engineering & Materials Sci on 2025-05-15,False,,True,Drupal
694,Fluid Mechanics Lab,prod,fluids.dev.umn.edu,xuanx004,fluids.umn.edu,CSE - College of Science & Engineering,Moved from CSE on 2025-05-15,False,,True,Drupal
901,FOXSI Sounding Rocket,"dev, test, prod","foxsi.stg.umn.edu, foxsi.dev.umn.edu, foxsi.dl9.umn.edu",glesener,foxsi.umn.edu,CSE - College of Science & Engineering,None,False,,True,Drupal
750,Francis Research Group,"test, prod","francis.dl8.umn.edu, francis.stg.umn.edu",mcdo0486,francis.cems.umn.edu,CSE - College of Science & Engineering,Moved from CSE - CEMS - Chemical Engineering & Materials Sci on 2025-05-15,False,,True,Drupal
913,Franklin Lab,"test, prod","rfranklin.stg.umn.edu, rfranklin.dev.umn.edu, rfranklin.dl9.umn.edu","rfrank01, kdukart",rfranklin.umn.edu,CSE - College of Science & Engineering,None,False,,True,Drupal
730,Frisbie Research Group,"test, prod","frisbie.dl8.umn.edu, frisbie.stg.umn.edu",mcdo0486,frisbie.cems.umn.edu,CSE - College of Science & Engineering,Moved from CSE - CEMS - Chemical Engineering & Materials Sci on 2025-05-15,False,,True,Drupal
716,Fund for Renewable Research,"test, prod","frr.umn.edu, www.frr.umn.edu, frr.dev.umn.edu",mcdo0486,frr.umn.edu,CSE - College of Science & Engineering,Moved from CSE - CEMS - Chemical Engineering & Materials Sci on 2025-05-15,False,,True,Drupal
826,Gao Research Group,"test, prod","gao.stg.umn.edu, gao.dev.umn.edu, gao.dl9.umn.edu","schul132, jgao",gao.chem.umn.edu,CSE - College of Science & Engineering,None,False,,True,Drupal
775,Generic Chemistry Research,prod,template.chem.umn.edu,schul132,template.chem.umn.edu,CSE - College of Science & Engineering,Moved from CSE - CHEM - Dept of Chemistry on 2025-05-15,False,,True,Drupal
800,Geo-Processes in Mineral Carbon Storage,"dev, prod","gmcs.dev.umn.edu, gmcs.stg.umn.edu","renda003, jlabuz, scot0353",gmcs.umn.edu,CSE - College of Science & Engineering,None,False,,True,Drupal
928,goldstein.umn.edu,prod,"goldstein.dev.umn.edu, goldstein.stg.umn.edu",mdunst,goldstein.umn.edu,CSE - College of Science & Engineering,None,False,,True,Drupal
697,Gonella Research Group,"dev, test, prod","gonella-cege.dev.umn.edu, gonella-cege.stg.umn.edu",mcdo0486,gonella.cege.umn.edu,CSE - College of Science & Engineering,"Moved from CSE - CEGE - Civil, Env, & Geo- Engineering on 2025-05-15",False,,True,Drupal
825,Goodpaster Research Group,"test, prod","goodpaster.stg.umn.edu, goodpaster.dev.umn.edu, goodpaster.dl9.umn.edu",schul132,goodpaster.chem.umn.edu,CSE - College of Science & Engineering,None,False,,True,Drupal
869,Greven Group,prod,"grevengroup.dev.umn.edu, grevengroup.stg.umn.edu","greven, khand080",grevengroup.umn.edu,CSE - College of Science & Engineering,None,False,,True,Drupal
695,Guala Research Group,prod,"guala-cege.dev.umn.edu, guala-cege.stg.umn.edu",mcdo0486,guala.cege.umn.edu,CSE - College of Science & Engineering,"Moved from CSE - CEGE - Civil, Env, & Geo- Engineering on 2025-05-15",False,,True,Drupal
770,Gwendolyn A. Bailey Research Group,"dev, test, prod","bailey-chem.dev.umn.edu, bailey-chem.stg.umn.edu","schul132, gbailey",bailey.chem.umn.edu,CSE - College of Science & Engineering,Moved from CSE - CHEM - Dept of Chemistry on 2025-05-15,False,,True,Drupal
720,Hackel Research Group,"test, prod","hackel.dl8.umn.edu, hackel.stg.umn.edu","mcdo0486, mulli468",hackel.cems.umn.edu,CSE - College of Science & Engineering,Moved from CSE - CEMS - Chemical Engineering & Materials Sci on 2025-05-15,False,,True,Drupal
907,Hadoop Research,"test, prod","st-hadoop.stg.umn.edu, st-hadoop.dev.umn.edu, st-hadoop.dl9.umn.edu",mokbel,st-hadoop.cs.umn.edu,CSE - College of Science & Engineering,None,False,,True,Drupal
927,harjani.umn.edu,prod,"harjani.dev.umn.edu, harjani.stg.umn.edu","harjani, suku0005, pet04629",harjani.umn.edu,CSE - College of Science & Engineering,None,False,,True,Drupal
810,High-Energy Solar Physics: Building on the RHESSI Legacy,"test, prod","rhessi18.stg.umn.edu, rhessi18.dev.umn.edu, rhessi18.dl9.umn.edu",astrong,rhessi18.umn.edu,CSE - College of Science & Engineering,None,False,,True,Drupal
955,High Temperature & Plasma Laboratory,prod,htpl.dev.umn.edu,"pbruggem, lille164",htpl.umn.edu,CSE - College of Science & Engineering,None,False,,True,Drupal
768,Hillmyer Group,"test, prod","hillmyergroup.stg.umn.edu, hillmyergroup.dev.umn.edu","schm2687, schul132",hillmyer.chem.umn.edu,CSE - College of Science & Engineering,Moved from CSE - CHEM - Dept of Chemistry on 2025-05-15,False,,True,Drupal
805,Hogan Lab,prod,"hoganlab.dev.umn.edu, hoganlab.stg.umn.edu",hogan108,hoganlab.umn.edu,CSE - College of Science & Engineering,None,False,,True,Drupal
733,Holmes Research Group,"test, prod","holmes.dl8.umn.edu, holmes.stg.umn.edu",mcdo0486,holmes.cems.umn.edu,CSE - College of Science & Engineering,Moved from CSE - CEMS - Chemical Engineering & Materials Sci on 2025-05-15,False,,True,Drupal
817,Hoye Research Group,"test, prod","hoye.stg.umn.edu, hoye.dev.umn.edu, hoye.dl9.umn.edu",schul132,hoye.chem.umn.edu,CSE - College of Science & Engineering,None,False,,True,Drupal
941,Hozalski Group,prod,"hozalski-cege.dev.umn.edu, hozalski-cege.stg.umn.edu","cems-itoffice, mcdo0486",hozalski.cege.umn.edu,CSE - College of Science & Engineering,None,False,,True,Drupal
946,Hubel Research Group,prod,"hubel.dev.umn.edu, hubel.stg.umn.edu",juelf002,hubel.umn.edu,CSE - College of Science & Engineering,None,False,,True,Drupal
662,HumanFIRST,"test, prod","humanfirst-dl9.dev.umn.edu, humanfirst-dl9.stg.umn.edu, humanfirst.dl9.umn.edu, hfsl.umn.edu, humanfirst.umn.edu, www.humanfirst.umn.edu","draho016, nlmorris",humanfirst.umn.edu,CSE - College of Science & Engineering,Moved from CSE on 2025-05-15,False,,True,Drupal
1012,Husrev Cilasun,prod,"cilasun.dev.umn.edu, cilasun.umn.edu",cilas001,cilasun.umn.edu,CSE - College of Science & Engineering,Moved from CSE - ECE - Electrical & Comp Engineering on 2025-05-15,False,,True,Drupal
663,Hydrostatic Transmission Design and Controls Lab,"test, prod","hstdcl.dev.umn.edu, hstdcl.stg.umn.edu",escob060,hstdcl.umn.edu,CSE - College of Science & Engineering,Moved from CSE on 2025-05-15,False,,True,Drupal
822,HYP Lab,"test, prod","hyp.dev.umn.edu, hyp.stg.umn.edu",hyp,hyp.umn.edu,CSE - College of Science & Engineering,None,False,,True,Drupal
813,Ilic Research Group,"dev, test, prod","iliclab.dev.umn.edu, iliclab.stg.umn.edu",ilic,iliclab.umn.edu,CSE - College of Science & Engineering,None,False,,True,Drupal
937,Imagine Lab,prod,"imagine.dev.umn.edu, imagine.stg.umn.edu",akcakaya,imagine.umn.edu,CSE - College of Science & Engineering,None,False,,True,Drupal
1008,Imagine Lab,"test, prod","akcakaya.umn.edu, imagine.dev.umn.edu, imagine.stg.umn.edu, imagine.umn.edu",akcakaya,imagine.umn.edu,CSE - College of Science & Engineering,Moved from CSE - ECE - Electrical & Comp Engineering on 2025-05-15,False,,True,Drupal
894,imtqcs.umn.edu,prod,"imtqcs.dev.umn.edu, imtqcs.stg.umn.edu",canf0019,imtqcs.umn.edu,CSE - College of Science & Engineering,None,False,,True,Drupal
999,Information Processing Group,"test, prod","ipg.stg.umn.edu, ipg.dev.umn.edu, ipg.dl9.umn.edu",kdukart,ipg.umn.edu,CSE - College of Science & Engineering,Moved from CSE - ECE - Electrical & Comp Engineering on 2025-05-15,False,,True,Drupal
962,International Workshop for Seizure Prediction,"test, prod","iwsp8.dl8.umn.edu, iwsp8.stg.umn.edu, iwsp8.umn.edu, ictals2017.umn.edu",tnetoff,iwsp8.umn.edu,CSE - College of Science & Engineering,None,False,,True,Drupal
940,ISING Research Project,"dev, test, prod","ising.dev.umn.edu, ising.stg.umn.edu","chriskim, balaj045",ising.umn.edu,CSE - College of Science & Engineering,None,False,,True,Drupal
729,Jalan Research Group,"test, prod","jalan.dl8.umn.edu, jalan.stg.umn.edu",mcdo0486,jalan.cems.umn.edu,CSE - College of Science & Engineering,Moved from CSE - CEMS - Chemical Engineering & Materials Sci on 2025-05-15,False,,True,Drupal
996,Jian-Ping Wang Faculty Page,"test, prod","www.nanospin.umn.edu, nanospin.stg.umn.edu, nanospin.dev.umn.edu, nanospin.dl9.umn.edu",jpwang,nanospin.umn.edu,CSE - College of Science & Engineering,Moved from CSE - ECE - Electrical & Comp Engineering on 2025-05-15,False,,True,Drupal
852,John Wygant,"test, prod","wygant.dev.umn.edu, wygant.stg.umn.edu",wygan001,wygant.umn.edu,CSE - College of Science & Engineering,None,False,,True,Drupal
960,Joseph Konstan,"dev, test, prod","konstan.dev.umn.edu, konstan.dl8.umn.edu",konstan,konstan.umn.edu,CSE - College of Science & Engineering,None,False,,True,Drupal
880,Junaed Sattar Homepage,"dev, test, prod","junaedsattar.stg.umn.edu, junaedsattar.dev.umn.edu, junaedsattar.dl9.umn.edu, junaedsattar.cs.umn.edu",junaed,junaedsattar.cs.umn.edu,CSE - College of Science & Engineering,None,False,,True,Drupal
1003,Jungwon Choi,"test, prod","choi.stg.umn.edu, choi.dev.umn.edu, choi.dl9.umn.edu",jwchoi,choi.umn.edu,CSE - College of Science & Engineering,Moved from CSE - ECE - Electrical & Comp Engineering on 2025-05-15,False,,True,Drupal
973,Just Code - A Symposium of the Charles Babbage Institute (CBI),,,mdargay,justcode.cbi.umn.edu,CSE - College of Science & Engineering,None,False,,True,Drupal
658,Kapemni,prod,"kapemni.dev.umn.edu, kapemni.stg.umn.edu",alementi,kapemni.umn.edu,CSE - College of Science & Engineering,Moved from CSE on 2025-05-15,False,,True,Drupal
705,Ken Leopold Research Group,"test, prod","kleopold.stg.umn.edu, kleopold.dev.umn.edu, kleopold.dl9.umn.edu","kleopold, schul132",kleopold.chem.umn.edu,CSE - College of Science & Engineering,Moved from CSE - CEMS - Chemical Engineering & Materials Sci on 2025-05-15,False,,True,Drupal
998,Kia Bazargan Faculty Page,"test, prod","kia.stg.umn.edu, kia.dev.umn.edu, kia.dl9.umn.edu",kdukart,kia.umn.edu,CSE - College of Science & Engineering,Moved from CSE - ECE - Electrical & Comp Engineering on 2025-05-15,False,,True,Drupal
828,Kirkby Teaching Resources,prod,"kirkby-esci.dev.umn.edu, kirkby-esci.stg.umn.edu",kirkby,kirkby.esci.umn.edu,CSE - College of Science & Engineering,None,False,,True,Drupal
838,Koester NanoDevice Laboratory,"test, prod","kndl.dev.umn.edu, kndl.stg.umn.edu",skoester,kndl.umn.edu,CSE - College of Science & Engineering,None,False,,True,Drupal
922,Kortshagen Group,"test, prod","ukgroup.dev.umn.edu, ukgroup.stg.umn.edu, kortshagen.umn.edu, ukgroup.umn.edu","agarw161, korts001",ukgroup.umn.edu,CSE - College of Science & Engineering,None,False,,True,Drupal
741,Kumar Research Group,"test, prod","kumar.dl8.umn.edu, kumar.stg.umn.edu, kumar.cems.umn.edu",mcdo0486,kumar.cems.umn.edu,CSE - College of Science & Engineering,Moved from CSE - CEMS - Chemical Engineering & Materials Sci on 2025-05-15,False,,True,Drupal
952,"Laboratory for Innovations in Sensing, Estimation, and Control (LISEC)","dev, prod",lisec.dev.umn.edu,"xiexx592, lille164",lisec.umn.edu,CSE - College of Science & Engineering,None,False,,True,Drupal
806,Laboratory for Plasma Light Sources and Diagnostics,prod,"simeni.dev.umn.edu, simeni.stg.umn.edu",msimenis,simeni.umn.edu,CSE - College of Science & Engineering,None,False,,True,Drupal
722,leighton Research Group,"test, prod","leighton.dl8.umn.edu, leighton.dev.umn.edu, leighton.stg.umn.edu, leighton.cems.umn.edu",mcdo0486,leighton.cems.umn.edu,CSE - College of Science & Engineering,Moved from CSE - CEMS - Chemical Engineering & Materials Sci on 2025-05-15,False,,True,Drupal
706,Leopoldd Research Group,"test, prod","leopoldd.stg.umn.edu, leopoldd.dev.umn.edu, leopoldd.dl9.umn.edu",schul132,leopoldd.chem.umn.edu,CSE - College of Science & Engineering,Moved from CSE - CEMS - Chemical Engineering & Materials Sci on 2025-05-15,False,,True,Drupal
664,Li Research Lab,"test, prod","li.dev.umn.edu, li.stg.umn.edu","lixxx099, harto013, chen6991",li.umn.edu,CSE - College of Science & Engineering,Moved from CSE on 2025-05-15,False,,True,Drupal
1605,LIFE: Linked Institutions for Future Earth,"dev, test, prod","life-2100.stg.umn.edu, life-2100.dev.umn.edu, life-2100.dl9.umn.edu","helge407, bran0487",life.umn.edu,CSE - College of Science & Engineering,Moved from SAFL - St Anthony Falls Lab on 2025-05-15,False,,True,Drupal
675,Liliya L. R. Williams,"test, prod","williams.dev.umn.edu, williams.stg.umn.edu",llrw,williams.umn.edu,CSE - College of Science & Engineering,Moved from CSE on 2025-05-15,False,,True,Drupal
900,Limnological Research Center,"test, prod","lrc-esci.dev.umn.edu, lrc-esci.stg.umn.edu, lrc-esci.dl8.umn.edu, lrc.geo.umn.edu","noren021, cantn001",lrc.esci.umn.edu,CSE - College of Science & Engineering,None,False,,True,Drupal
862,Lindsay Glesener,"test, prod","glesener.stg.umn.edu, glesener.dev.umn.edu",glesener,glesener.umn.edu,CSE - College of Science & Engineering,None,False,,True,Drupal
883,Living Devices Lab,"dev, test, prod","www.livingdevices.umn.edu, livingdevices.stg.umn.edu, livingdevices.dev.umn.edu, livingdevices.dl9.umn.edu","dkwood, mcdo0486",livingdevices.umn.edu,CSE - College of Science & Engineering,None,False,,True,Drupal
751,lodge Research Group,"test, prod","lodge.dl8.umn.edu, lodge.dev.umn.edu, lodge.stg.umn.edu",mcdo0486,lodge.cems.umn.edu,CSE - College of Science & Engineering,Moved from CSE - CEMS - Chemical Engineering & Materials Sci on 2025-05-15,False,,True,Drupal
830,Lu Research Group,"test, prod","lu.stg.umn.edu, lu.dev.umn.edu, lu.dl9.umn.edu, lu.chem.umn.edu",schul132,lu.chem.umn.edu,CSE - College of Science & Engineering,None,False,,True,Drupal
867,Lucy Fortson,"test, prod","fortson.dev.umn.edu, fortson.stg.umn.edu",lfortson,fortson.umn.edu,CSE - College of Science & Engineering,None,False,,True,Drupal
854,M. Claudia Scarlata,"test, prod","scarlata.dev.umn.edu, scarlata.stg.umn.edu",mscarlat,scarlata.umn.edu,CSE - College of Science & Engineering,None,False,,True,Drupal
724,macosko Research Group,"test, prod","macosko.dl8.umn.edu, macosko.stg.umn.edu, macosko.dev.umn.edu",mcdo0486,macosko.cems.umn.edu,CSE - College of Science & Engineering,Moved from CSE - CEMS - Chemical Engineering & Materials Sci on 2025-05-15,False,,True,Drupal
994,maddah.umn.edu,"test, prod","maddah.dev.umn.edu, maddah.stg.umn.edu",maddah,maddah.umn.edu,CSE - College of Science & Engineering,Moved from CSE - ECE - Electrical & Comp Engineering on 2025-05-15,False,,True,Drupal
997,Martina Cardone Website,"test, prod","mcardone.stg.umn.edu, mcardone.dev.umn.edu, mcardone.dl9.umn.edu",kdukart,mcardone.umn.edu,CSE - College of Science & Engineering,Moved from CSE - ECE - Electrical & Comp Engineering on 2025-05-15,False,,True,Drupal
964,Massoud Amin Website,prod,"massoud-amin.dev.umn.edu, massoud-amin.dl8.umn.edu, massoud-amin.umn.edu, www.massoud-amin.umn.edu",amin,massoud-amin.umn.edu,CSE - College of Science & Engineering,None,False,,True,Drupal
742,Material Research Group,"test, prod","material.dl8.umn.edu, matadv.stg.umn.edu, matadv.dev.umn.edu, matadv.cems.umn.edu",mcdo0486,material.cems.umn.edu,CSE - College of Science & Engineering,Moved from CSE - CEMS - Chemical Engineering & Materials Sci on 2025-05-15,False,,True,Drupal
671,Materials Research Society,prod,"mrs-cems.dev.umn.edu, mrs-cems.stg.umn.edu",mcdo0486,mrs.cems.umn.edu,CSE - College of Science & Engineering,Moved from CSE on 2025-05-15,False,,True,Drupal
743,McCormick Research Group,"test, prod","mccormick.dl8.umn.edu, mccormick.stg.umn.edu, mccormick.dev.umn.edu",mcdo0486,mccormick.cems.umn.edu,CSE - College of Science & Engineering,Moved from CSE - CEMS - Chemical Engineering & Materials Sci on 2025-05-15,False,,True,Drupal
688,ME Robotics Lab,prod,"merobotics.dev.umn.edu, merobotics.stg.umn.edu",mdunst,merobotics.umn.edu,CSE - College of Science & Engineering,Moved from CSE on 2025-05-15,False,,True,Drupal
948,Mechanical Energy & Power Systems Laboratory,prod,meps.dev.umn.edu,"boyce042, lille164",meps.umn.edu,CSE - College of Science & Engineering,None,False,,True,Drupal
957,Medical Robotics and Devices Lab,prod,"mrd.umn.edu, mrd.dev.umn.edu",timk,mrd.umn.edu,CSE - College of Science & Engineering,None,False,,True,Drupal
657,Mentoring for the Formation of Research Careers in Engineering (M-FORCE),prod,"mforce.umn.edu, mforce.stg.umn.edu, mforce.dev.umn.edu","sherm297, mforce",mforce.umn.edu,CSE - College of Science & Engineering,Moved from CSE on 2025-05-15,False,,True,Drupal
1380,MIN-Corps Resources,"test, prod","mincorpsresources.stg.umn.edu, mincorpsresources.dev.umn.edu, mincorpsresources.dl9.umn.edu","ihdex014, krish238",mincorpsresources.umn.edu,CSE - College of Science & Engineering,Moved from MIN Corps on 2025-05-15,False,,True,Drupal
934,Minnesota Interactive Robotics and Vision Laboratory,"test, prod","irvlab.stg.umn.edu, irvlab.dev.umn.edu, irvlab.dl8.umn.edu",junaed,irvlab.cs.umn.edu,CSE - College of Science & Engineering,None,False,,True,Drupal
833,Minnesota NeuroSpin Initiative,prod,"neurospin.dev.umn.edu, neurospin.stg.umn.edu",mgustafs,neurospin.umn.edu,CSE - College of Science & Engineering,None,False,,True,Drupal
1604,Minnesota Study on Wind Turbine Acoustics,"test, prod","mnsowta.stg.umn.edu, mnsowta.dev.umn.edu, mnsowta.dl9.umn.edu","bran0487, helge407",mnsowta.safl.umn.edu,CSE - College of Science & Engineering,Moved from SAFL - St Anthony Falls Lab on 2025-05-15,False,,True,Drupal
875,MinneWIC 2019,"dev, test, prod","minnewic2019.stg.umn.edu, minnewic2019.dev.umn.edu, minnewic2019.dl9.umn.edu",watt0087,minnewic2019.umn.edu,CSE - College of Science & Engineering,None,False,,True,Drupal
914,MINT,"test, prod","mint.stg.umn.edu, mint.dev.umn.edu, mint.dl9.umn.edu",victo004,mint.umn.edu,CSE - College of Science & Engineering,None,False,,True,Drupal
839,Mkhoyan Research Group,"test, prod","mkhoyan-cems.dev.umn.edu, mkhoyan-cems.stg.umn.edu, mkhoyan-cems.dl9.umn.edu",mcdo0486,mkhoyan.cems.umn.edu,CSE - College of Science & Engineering,None,False,,True,Drupal
699,Mobility Technology Laboratory,"test, prod","mobilitytech.dev.umn.edu, mobilitytech.stg.umn.edu",davis862,mobilitytech.umn.edu,CSE - College of Science & Engineering,"Moved from CSE - CEGE - Civil, Env, & Geo- Engineering on 2025-05-15",False,,True,Drupal
916,Mohan Faculty Page,"test, prod","mohan.stg.umn.edu, mohan.dev.umn.edu, mohan.dl9.umn.edu",mohan,mohan.umn.edu,CSE - College of Science & Engineering,None,False,,True,Drupal
895,Molecular Cell Engineering Laboratory (MCEL),"dev, test, prod","sarkarlab.stg.umn.edu, sarkarlab.dev.umn.edu, sarkarlab.dl9.umn.edu","csarkar, mcdo0486",sarkarlab.umn.edu,CSE - College of Science & Engineering,None,False,,True,Drupal
732,Morse Research Group,"test, prod","morse.dl8.umn.edu, morse.dev.umn.edu, morse.stg.umn.edu",mcdo0486,morse.cems.umn.edu,CSE - College of Science & Engineering,Moved from CSE - CEMS - Chemical Engineering & Materials Sci on 2025-05-15,False,,True,Drupal
821,Mostafa Kaveh,"test, prod","mostafa-kaveh.dev.umn.edu, mostafa-kaveh.stg.umn.edu",zeeb0002,mostafa-kaveh.umn.edu,CSE - College of Science & Engineering,None,False,,True,Drupal
709,MPACT Program,"dev, test, prod","mpact.stg.umn.edu, mpact.dev.umn.edu, mpact.dl9.umn.edu",schul132,mpact.chem.umn.edu,CSE - College of Science & Engineering,Moved from CSE - CEMS - Chemical Engineering & Materials Sci on 2025-05-15,False,,True,Drupal
918,Multi-Axial Subassemblage Testing (MAST) Laboratory,"test, prod","www.mastlab.umn.edu, mastlab.stg.umn.edu, mastlab.dev.umn.edu, mastlab.dl9.umn.edu, nees.umn.edu","renda003, llinderm, sbarbach",mastlab.umn.edu,CSE - College of Science & Engineering,None,False,,True,Drupal
968,Multiphase Transport Phenomena Laboratory,"test, prod","mtpl.dl8.umn.edu, mtpl.stg.umn.edu, mtpl.dev.umn.edu",vinods,mtpl.umn.edu,CSE - College of Science & Engineering,None,False,,True,Drupal
1607,National Center for Earth-Surface Dynamics 2,"dev, test, prod","www.nced.umn.edu, nced.stg.umn.edu, nced.dev.umn.edu, nced.dl8.umn.edu, repository.nced.umn.edu, nced.umn.edu","ctn, bran0487, rapa0020",nced.umn.edu,CSE - College of Science & Engineering,Moved from SAFL - St Anthony Falls Lab on 2025-05-15,False,,True,Drupal
837,Natural Language Processing (NLP),prod,"nlp.dev.umn.edu, nlp.stg.umn.edu",dongyeop,nlp.umn.edu,CSE - College of Science & Engineering,None,False,,True,Drupal
1014,Ned Mohan,prod,nedmohan.umn.edu,mohan,nedmohan.umn.edu,CSE - College of Science & Engineering,Moved from CSE - ECE - Electrical & Comp Engineering on 2025-05-15,False,,True,Drupal
807,Neural Systems Engineering Summer,"dev, test, prod","nsereu.stg.umn.edu, nsereu.dev.umn.edu, nsereu.dl9.umn.edu",tnetoff,nsereu.umn.edu,CSE - College of Science & Engineering,None,False,,True,Drupal
965,NeuralNetoff Lab,"test, prod","neuralnetoff.dl8.umn.edu, neuralnetoff.stg.umn.edu, neuralnetoff.dev.umn.edu, neuralnetoff.umn.edu","tnetoff, mcdo0486",neuralnetoff.umn.edu,CSE - College of Science & Engineering,None,False,,True,Drupal
719,Neurock Research Group,"test, prod","neurock.dl8.umn.edu, neurock.dev.umn.edu, neurock.stg.umn.edu",mcdo0486,neurock.cems.umn.edu,CSE - College of Science & Engineering,Moved from CSE - CEMS - Chemical Engineering & Materials Sci on 2025-05-15,False,,True,Drupal
836,Neuromodulation Research and Technology Laboratory,"test, prod","neuromod.dev.umn.edu, neuromod.stg.umn.edu, neuromod.dl9.umn.edu, www.neuromod.umn.edu",mcdo0486,neuromod.umn.edu,CSE - College of Science & Engineering,None,False,,True,Drupal
793,Next Generation AI Lab,"dev, test, prod","nextgenai.dev.umn.edu, nextgenai.stg.umn.edu","gini, boelt072, temes021, sylve057",nextgenai.umn.edu,CSE - College of Science & Engineering,None,False,,True,Drupal
906,Ng Hydrology/Hydrogeology Research Group,"test, prod","hydro-esci.dev.umn.edu, hydro-esci.stg.umn.edu, hydro-esci.dl8.umn.edu",gcng,hydro.esci.umn.edu,CSE - College of Science & Engineering,None,False,,True,Drupal
717,Nibs-workshop,prod,"nibs-workshop.dev.umn.edu, nibs-workshop.umn.edu",mcdo0486,nibs-workshop.umn.edu,CSE - College of Science & Engineering,Moved from CSE - CEMS - Chemical Engineering & Materials Sci on 2025-05-15,False,,True,Drupal
682,Nicola Elia Website,"test, prod","elia.dev.umn.edu, elia.stg.umn.edu",nelia,elia.umn.edu,CSE - College of Science & Engineering,Moved from CSE on 2025-05-15,False,,True,Drupal
809,Noland Research Group,"test, prod","noland.stg.umn.edu, noland.dev.umn.edu, noland.dl9.umn.edu",schul132,noland.chem.umn.edu,CSE - College of Science & Engineering,None,False,,True,Drupal
942,Novak Research Group,prod,"novak.cege.dev.umn.edu, novak.cege.stg.umn.edu",mcdo0486,novak.cege.umn.edu,CSE - College of Science & Engineering,None,False,,True,Drupal
689,Ocean Biogeochemistry,"test, prod","ocean-esci.dev.umn.edu, ocean-esci.stg.umn.edu",katsumi,ocean.esci.umn.edu,CSE - College of Science & Engineering,Moved from CSE on 2025-05-15,False,,True,Drupal
929,Odde Lab,"dev, prod","oddelab.dev.umn.edu, oddelab.stg.umn.edu, oddelab.dl8.umn.edu",houxx149,oddelab.umn.edu,CSE - College of Science & Engineering,None,False,,True,Drupal
980,Ogle Research Group,"dev, test, prod","ogle.bme.umn.edu, ogle.stg.umn.edu, ogle.dev.umn.edu","mcdo0486, rjorgen",ogle.bme.umn.edu,CSE - College of Science & Engineering,None,False,,True,Drupal
972,Omer Burak Demirel,"test, prod","demirel.umn.edu, demirel.dev.umn.edu, demirel.stg.umn.edu",demir035,demirel.umn.edu,CSE - College of Science & Engineering,None,False,,True,Drupal
710,Opitz Lab,"test, prod","opitzlab.stg.umn.edu, opitzlab.dev.umn.edu, opitzlab.dl9.umn.edu",mcdo0486,opitzlab.umn.edu,CSE - College of Science & Engineering,Moved from CSE - CEMS - Chemical Engineering & Materials Sci on 2025-05-15,False,,True,Drupal
943,Paleoenvironmental/Marine Palynology Laboratory,"dev, test, prod","paleoenvironmental.dev.umn.edu, paleoenvironmental.stg.umn.edu",vpospe,paleoenvironmental.esci.umn.edu,CSE - College of Science & Engineering,None,False,,True,Drupal
877,Particle Technology Laboratory,"dev, test, prod","ptl.dl.umn.edu, ptl.stg.umn.edu, ptl.dev.umn.edu, ptl.dl9.umn.edu","dyhpui, qou",ptl.umn.edu,CSE - College of Science & Engineering,None,False,,True,Drupal
865,Patrick Kelly,"test, prod","kelly.dev.umn.edu, kelly.stg.umn.edu",plkelly,kelly.umn.edu,CSE - College of Science & Engineering,None,False,,True,Drupal
850,Paul R. Woodward,"test, prod","pwoodward.dev.umn.edu, pwoodward.stg.umn.edu",woodw001,pwoodward.umn.edu,CSE - College of Science & Engineering,None,False,,True,Drupal
988,pcl,"dev, test, prod","pcl.dev.umn.edu, pcl.stg.umn.edu",agarw161,pcl.umn.edu,CSE - College of Science & Engineering,None,False,,True,Drupal
787,photon.umn.edu,"test, prod","photon.dev.umn.edu, photon.stg.umn.edu",ilic,photon.umn.edu,CSE - College of Science & Engineering,None,False,,True,Drupal
908,Physics & Astronomy Graduate Students,prod,"phys-astro-grads.dev.umn.edu, phys-astro-grads.stg.umn.edu",canf0019,phys-astro-grads.umn.edu,CSE - College of Science & Engineering,None,False,,True,Drupal
939,Physics Education Research and Development Group,"dev, test, prod","physicseducation.dev.umn.edu, physicseducation.stg.umn.edu, physicseducation.dl8.umn.edu",helle001,physicseducation.umn.edu,CSE - College of Science & Engineering,None,False,,True,Drupal
924,Physics Force,"dev, test, prod","physicsforce.stg.umn.edu, physicsforce.dev.umn.edu, physicsforce.dl9.umn.edu",jallan,physicsforce.umn.edu,CSE - College of Science & Engineering,None,False,,True,Drupal
771,Pierre Research Group,"test, prod","pierre.stg.umn.edu, pierre.dev.umn.edu, pierre.dl8.umn.edu","rapa0020, schul132",pierre.chem.umn.edu,CSE - College of Science & Engineering,Moved from CSE - CHEM - Dept of Chemistry on 2025-05-15,False,,True,Drupal
979,Plumb Bob,"test, prod","plumbbob.dl8.umn.edu, plumbbob.dev.umn.edu, plumbbob.stg.umn.edu, plumbbob.umn.edu",koch0137,plumbbob.umn.edu,CSE - College of Science & Engineering,None,False,,True,Drupal
725,Poerschke Research Group,"test, prod","poerschke.dl8.umn.edu, poerschke.dev.umn.edu, poerschke.stg.umn.edu",mcdo0486,poerschke.cems.umn.edu,CSE - College of Science & Engineering,Moved from CSE - CEMS - Chemical Engineering & Materials Sci on 2025-05-15,False,,True,Drupal
835,Polymer Characterization Facility,"test, prod","polychar-cems.dev.umn.edu, polychar-cems.stg.umn.edu",mcdo0486,polychar.cems.umn.edu,CSE - College of Science & Engineering,None,False,,True,Drupal
871,Polymer Materials and Mechanics Lab,"test, prod","polymech.stg.umn.edu, polymech.dev.umn.edu, polymech.dl9.umn.edu","smantell, hagen729",polymech.umn.edu,CSE - College of Science & Engineering,None,False,,True,Drupal
713,Polymer Self-Consistent Field Theory (PSCF),prod,"pscf-home-cems.dev.umn.edu, pscf-home-cems.stg.umn.edu, pscf.cems.umn.edu, pscf-home.cems.umn.edu",morse012,pscf-home.cems.umn.edu,CSE - College of Science & Engineering,Moved from CSE - CEMS - Chemical Engineering & Materials Sci on 2025-05-15,False,,True,Drupal
784,Precision Electroceutical Research Lab (PERL),prod,"perl.dev.umn.edu, perl.stg.umn.edu",penax025,perl.umn.edu,CSE - College of Science & Engineering,None,False,,True,Drupal
676,Priscilla Cushman,"test, prod","cushman.dev.umn.edu, cushman.stg.umn.edu",cough052,cushman.umn.edu,CSE - College of Science & Engineering,Moved from CSE on 2025-05-15,False,,True,Drupal
882,Prof. Steven S. Saliterman's Course Website,"dev, test, prod","saliterman.stg.umn.edu, saliterman.dev.umn.edu, saliterman.dl9.umn.edu",drsteve,saliterman.umn.edu,CSE - College of Science & Engineering,None,False,,True,Drupal
672,Provenzano Group,"test, prod","provenzanolab-dl9.dev.umn.edu, provenzanolab-dl9.stg.umn.edu, provenzanolab.dl9.umn.edu, www.provenzanolab.umn.edu",mcdo0486,provenzanolab.umn.edu,CSE - College of Science & Engineering,Moved from CSE on 2025-05-15,False,,True,Drupal
749,Qizh Research Group,"test, prod","qizh.dl8.umn.edu, qizh.dev.umn.edu, qizh.stg.umn.edu, qizh.cems.umn.edu",mcdo0486,qizh.cems.umn.edu,CSE - College of Science & Engineering,Moved from CSE - CEMS - Chemical Engineering & Materials Sci on 2025-05-15,False,,True,Drupal
789,Quantum Electronic Device Laboratory,prod,"qiu.dev.umn.edu, qiu.stg.umn.edu",gqiu,qiu.umn.edu,CSE - College of Science & Engineering,None,False,,True,Drupal
840,QuarkNet NOvA,prod,"quarknet-nova.dev.umn.edu, quarknet-nova.stg.umn.edu",pawloski,quarknet-nova.umn.edu,CSE - College of Science & Engineering,None,False,,True,Drupal
829,qzhe,"test, prod","qzhe.dev.umn.edu, qzhe.stg.umn.edu",qzhe,qzhe.umn.edu,CSE - College of Science & Engineering,None,False,,True,Drupal
702,Renee Frontiera Research Group,"test, prod","frontiera.stg.umn.edu, frontiera.dev.umn.edu, frontiera.dl9.umn.edu","rrf, schul132",frontiera.chem.umn.edu,CSE - College of Science & Engineering,Moved from CSE - CEMS - Chemical Engineering & Materials Sci on 2025-05-15,False,,True,Drupal
874,REU Big Data,"dev, test, prod","reubigdata.stg.umn.edu, reubigdata.dev.umn.edu, reubigdata.dl9.umn.edu, reubigdata.cs.umn.edu",suma,reu.cs.umn.edu,CSE - College of Science & Engineering,None,False,,True,Drupal
721,Rheology Short Course,"test, prod","rheology.dl8.umn.edu, rheology.dev.umn.edu, rheology.stg.umn.edu",mcdo0486,rheology.cems.umn.edu,CSE - College of Science & Engineering,Moved from CSE - CEMS - Chemical Engineering & Materials Sci on 2025-05-15,False,,True,Drupal
783,Richard James Group,prod,"james.dev.umn.edu, james.stg.umn.edu",james,james.umn.edu,CSE - College of Science & Engineering,None,False,,True,Drupal
842,Roberta M. Humphreys,prod,"humphreys.dev.umn.edu, humphreys.stg.umn.edu","khand080, jallan, canf0019, roberta",humphreys.umn.edu,CSE - College of Science & Engineering,None,False,,True,Drupal
911,Robotic Sensor Networks Lab,prod,"rsn.dev.umn.edu, rsn.stg.umn.edu, rsn.cs.umn.edu","isler, readx028",rsn.umn.edu,CSE - College of Science & Engineering,None,False,,True,Drupal
938,Rock and Mineral Physics Laboratory,prod,"rockandmineralphysics-esci.dev.umn.edu, rockandmineralphysics-esci.stg.umn.edu, rockandmineralphysics.esci.umn.edu",lnhansen,rockandmineralphysics.esci.umn.edu,CSE - College of Science & Engineering,None,False,,True,Drupal
1610,SAFL Student Fund,"test, prod","sc.stg.umn.edu, sc.dev.umn.edu, sc.dl8.umn.edu","ctn, helge407, bran0487",sc.safl.umn.edu,CSE - College of Science & Engineering,Moved from SAFL - St Anthony Falls Lab on 2025-05-15,False,,True,Drupal
959,School of Physics and Astronomy Lab Safety,prod,"spalabsafety.dev.umn.edu, spalabsafety.umn.edu",ander213,spalabsafety.umn.edu,CSE - College of Science & Engineering,None,False,,True,Drupal
958,School of Physics and Astronomy Lecture Demonstrations,prod,"spademos.umn.edu, spademos.dev.umn.edu","ander213, albis001",spademos.umn.edu,CSE - College of Science & Engineering,None,False,,True,Drupal
891,scicourt,"test, prod","scicourt.stg.umn.edu, scicourt.dev.umn.edu, scicourt.dl9.umn.edu",tadmor,scicourt.umn.edu,CSE - College of Science & Engineering,None,False,,True,Drupal
984,Science and Engineering Student Board,prod,"sesb.dl8.umn.edu, sesb.umn.edu",koch0137,sesb.umn.edu,CSE - College of Science & Engineering,None,False,,True,Drupal
772,Science Mentorship Program,"test, prod","scimentors.stg.umn.edu, scimentors.dev.umn.edu, scimentors.dl8.umn.edu",pratx001,scimentors.chem.umn.edu,CSE - College of Science & Engineering,Moved from CSE - CHEM - Dept of Chemistry on 2025-05-15,False,,True,Drupal
795,sedexp,prod,"sedexp.dev.umn.edu, sedexp.stg.umn.edu, sedexp.net, www.sedexp.net",imxxx021,sedexp.umn.edu,CSE - College of Science & Engineering,None,False,,True,Drupal
756,Self-Aligned Capillarity Assisted Lithography for Electronics (SCALE),prod,scale.cems.umn.edu,mcdo0486,scale.cems.umn.edu,CSE - College of Science & Engineering,Moved from CSE - CEMS - Chemical Engineering & Materials Sci on 2025-05-15,False,,True,Drupal
744,sfa Research Group,"dev, test, prod","sfa.dl8.umn.edu, sfa.stg.umn.edu, sfa.dev.umn.edu",mcdo0486,sfa.cems.umn.edu,CSE - College of Science & Engineering,Moved from CSE - CEMS - Chemical Engineering & Materials Sci on 2025-05-15,False,,True,Drupal
861,Shaul Hanany,"test, prod","hanany.dev.umn.edu, hanany.stg.umn.edu",hanany,hanany.umn.edu,CSE - College of Science & Engineering,None,False,,True,Drupal
950,Shear Flow Control Laboratory,prod,sfcl.dev.umn.edu,"mja, lille164",sfcl.umn.edu,CSE - College of Science & Engineering,None,False,,True,Drupal
881,Shen Lab,"dev, test, prod","shenlab.stg.umn.edu, shenlab.dev.umn.edu, shenlab.dl9.umn.edu",mcdo0486,shenlab.umn.edu,CSE - College of Science & Engineering,None,False,,True,Drupal
669,Siddharth Raju's Research Group,"test, prod","raju.dev.umn.edu, raju.stg.umn.edu",rajux018,raju.umn.edu,CSE - College of Science & Engineering,Moved from CSE on 2025-05-15,False,,True,Drupal
777,Simons Collaboration Superconductivity,prod,"superconductivity.dev.umn.edu, superconductivity.stg.umn.edu",bieve008,superconductivity.umn.edu,CSE - College of Science & Engineering,None,False,,True,Drupal
993,SMART HUGS,"test, prod","smarthugs.stg.umn.edu, smarthugs.dev.umn.edu, smarthugs.dl9.umn.edu",gini,smarthugs.umn.edu,CSE - College of Science & Engineering,Moved from CSE - CS - Computer Science on 2025-05-15,False,,True,Drupal
726,Softmatter Research Group,"test, prod","softmatter.dl8.umn.edu, softmatter.dev.umn.edu, softmatter.stg.umn.edu",mcdo0486,softmatter.cems.umn.edu,CSE - College of Science & Engineering,Moved from CSE - CEMS - Chemical Engineering & Materials Sci on 2025-05-15,False,,True,Drupal
690,Solar Energy Laboratory,"test, prod","solar.dev.umn.edu, solar.stg.umn.edu","jhd, agarw161",solar.umn.edu,CSE - College of Science & Engineering,Moved from CSE on 2025-05-15,False,,True,Drupal
884,Sonic Lab,"dev, test, prod","soniclab.stg.umn.edu, soniclab.dev.umn.edu, soniclab.dl9.umn.edu","mehta162, mcdo0486, rodr0283",soniclab.umn.edu,CSE - College of Science & Engineering,None,False,,True,Drupal
930,Spa Career Advisory Board,"test, prod","spa-cab.stg.umn.edu, spa-cab.dev.umn.edu, spa-cab.dl8.umn.edu",hanany,spa-cab.umn.edu,CSE - College of Science & Engineering,None,False,,True,Drupal
995,Spin Valley,"test, prod","spinvalley.stg.umn.edu, spinvalley.dev.umn.edu, spinvalley.dl9.umn.edu",kdukart,spinvalley.umn.edu,CSE - College of Science & Engineering,Moved from CSE - ECE - Electrical & Comp Engineering on 2025-05-15,False,,True,Drupal
956,SPiNCOM,dev,"spincom.d8.umn.edu, spincom.dev.umn.edu, spincom.stg.umn.edu",b-hans,spincom.umn.edu,CSE - College of Science & Engineering,None,False,,True,Drupal
843,SPINEWORK,prod,"spinework.dev.umn.edu, spinework.stg.umn.edu",baroc001,spinework.umn.edu,CSE - College of Science & Engineering,None,False,,True,Drupal
917,Stadler Faculty Page,"test, prod","stadler.stg.umn.edu, stadler.dev.umn.edu, stadler.dl9.umn.edu",stadl002,stadler.umn.edu,CSE - College of Science & Engineering,None,False,,True,Drupal
841,Stein Research Group,"dev, test, prod","stein.stg.umn.edu, stein.dev.umn.edu, stein.dl9.umn.edu",schul132,stein.chem.umn.edu,CSE - College of Science & Engineering,None,False,,True,Drupal
1004,Stephen Campbell,"test, prod","campbell.stg.umn.edu, campbell.dev.umn.edu, campbell.dl9.umn.edu, campbell.umn.edu",kdukart,campbell.umn.edu,CSE - College of Science & Engineering,Moved from CSE - ECE - Electrical & Comp Engineering on 2025-05-15,False,,True,Drupal
701,Stern Research Group,prod,stern.cege.umn.edu,"cegetech, mcdo0486",stern.cege.umn.edu,CSE - College of Science & Engineering,"Moved from CSE - CEGE - Civil, Env, & Geo- Engineering on 2025-05-15",False,,True,Drupal
790,Stoerzinger Group,prod,"stoerzinger-cems.dev.umn.edu, stoerzinger-cems.stg.umn.edu",broa0036,stoerzinger.cems.umn.edu,CSE - College of Science & Engineering,None,False,,True,Drupal
1608,Stormwater Research,"test, prod","stormwater-safl.stg.umn.edu, stormwater-safl.dev.umn.edu, stormwater-safl.dl8.umn.edu","ctn, eric0706, helge407, bran0487",stormwater.safl.umn.edu,CSE - College of Science & Engineering,Moved from SAFL - St Anthony Falls Lab on 2025-05-15,False,,True,Drupal
1609,Stormwater Research,"test, prod","stormwaterbook.dl8.umn.edu, stormwaterbook.dev.umn.edu, stormwaterbook.stg.umn.edu, stormwaterbook.dl.umn.edu","eric0706, helge407, bran0487",stormwaterbook.safl.umn.edu,CSE - College of Science & Engineering,Moved from SAFL - St Anthony Falls Lab on 2025-05-15,False,,True,Drupal
981,Sungyon Research Lab,"test, prod","sungyon.me.umn.edu, sungyon.umn.edu",sungyon,sungyon.umn.edu,CSE - College of Science & Engineering,None,False,,True,Drupal
1009,Swisher Research Group,"test, prod","swisher.stg.umn.edu, swisher.dev.umn.edu, swisher.dl9.umn.edu",sswisher,swisher.umn.edu,CSE - College of Science & Engineering,Moved from CSE - ECE - Electrical & Comp Engineering on 2025-05-15,False,,True,Drupal
845,Talkachova Lab,"test, prod","talkachovalab.dev.umn.edu, talkachovalab.stg.umn.edu, talkachovalab.dl9.umn.edu",mcdo0486,talkachovalab.umn.edu,CSE - College of Science & Engineering,None,False,,True,Drupal
974,The ACM-W Celebration of Women in Computing in the Upper MidWest  (MinneWIC),prod,"minnewic.umn.edu, minnewic.dev.umn.edu",watt0087,minnewic.umn.edu,CSE - College of Science & Engineering,None,False,,True,Drupal
691,The Bruggeman Group,"test, prod","bruggeman.dev.umn.edu, bruggeman.stg.umn.edu","mdunst, agarw161, mahaj071",bruggeman.umn.edu,CSE - College of Science & Engineering,Moved from CSE on 2025-05-15,False,,True,Drupal
890,The Buhlmann Research Group,"test, prod","buhlmann.stg.umn.edu, buhlmann.dev.umn.edu, buhlmann.dl9.umn.edu",herre300,buhlmann.chem.umn.edu,CSE - College of Science & Engineering,None,False,,True,Drupal
844,The Laboratory of Molecular Therapeutics,"test, prod","sachslab.dev.umn.edu, sachslab.stg.umn.edu, sachslab.dl9.umn.edu",mcdo0486,sachslab.umn.edu,CSE - College of Science & Engineering,None,False,,True,Drupal
773,The Siepmann Group,"test, prod","siepmann.dl8.umn.edu, siepmann.stg.umn.edu, siepmann.dev.umn.edu","rapa0020, schul132, zeeb0002",siepmann.chem.umn.edu,CSE - College of Science & Engineering,Moved from CSE - CHEM - Dept of Chemistry on 2025-05-15,False,,True,Drupal
892,Thomas E Murphy Engine Research Laboratory,"dev, test, prod","merl.stg.umn.edu, merl.dev.umn.edu, merl.dl9.umn.edu","wnorthro, biswas",merl.umn.edu,CSE - College of Science & Engineering,None,False,,True,Drupal
933,Tithof Lab,prod,"tithoflab.dev.umn.edu, tithoflab.stg.umn.edu",tithof,tithoflab.umn.edu,CSE - College of Science & Engineering,None,False,,True,Drupal
767,Tonks Research Group,"test, prod","tonks.stg.umn.edu, tonks.dev.umn.edu, tonks.dl9.umn.edu","itonks, schul132",tonks.chem.umn.edu,CSE - College of Science & Engineering,Moved from CSE - CHEM - Dept of Chemistry on 2025-05-15,False,,True,Drupal
1007,Tony Low Website,"test, prod","tonylow.stg.umn.edu, tonylow.dev.umn.edu, tonylow.dl9.umn.edu",tlow,tonylow.umn.edu,CSE - College of Science & Engineering,Moved from CSE - ECE - Electrical & Comp Engineering on 2025-05-15,False,,True,Drupal
762,Topczewski Research Group,"test, prod","topczewski.stg.umn.edu, topczewski.dev.umn.edu, topczewski.dl9.umn.edu",schul132,topczewski.chem.umn.edu,CSE - College of Science & Engineering,Moved from CSE - CHEM - Dept of Chemistry on 2025-05-15,False,,True,Drupal
896,Tranquillo Group,"dev, test, prod","tranquillo.stg.umn.edu, tranquillo.dev.umn.edu, tranquillo.dl9.umn.edu, tranquillolab.umn.edu, tranquillo.umn.edu",mcdo0486,tranquillo.umn.edu,CSE - College of Science & Engineering,None,False,,True,Drupal
667,Translational Neuromodulation T32 Training Program,prod,"tntp.umn.edu, tntp.dev.umn.edu, tntp.stg.umn.edu",john5101,tntp.umn.edu,CSE - College of Science & Engineering,Moved from CSE on 2025-05-15,False,,True,Drupal
774,Truhlar Research Group,"dev, test, prod","truhlar.dl8.umn.edu, truhlar.stg.umn.edu, truhlar.dev.umn.edu","schul132, zhan6350",truhlar.chem.umn.edu,CSE - College of Science & Engineering,Moved from CSE - CHEM - Dept of Chemistry on 2025-05-15,False,,True,Drupal
832,Ulya R. Karpuzcu,"test, prod","ukarpuzcu.dev.umn.edu, ukarpuzcu.stg.umn.edu",ukarpuzc,ukarpuzcu.umn.edu,CSE - College of Science & Engineering,None,False,,True,Drupal
827,UMN GLOVEX,"test, prod","glovex.dev.umn.edu, glovex.stg.umn.edu",jusun,glovex.umn.edu,CSE - College of Science & Engineering,None,False,,True,Drupal
961,UMN IEEE Group,prod,ieee.dev.umn.edu,leger,ieee.umn.edu,CSE - College of Science & Engineering,None,False,,True,Drupal
785,UMN Kernel Object,prod,"kernel.dev.umn.edu, kernel.stg.umn.edu","kernel, jhkolb",kernel.umn.edu,CSE - College of Science & Engineering,None,False,,True,Drupal
978,UMN ME REU Program,prod,"reu.me.umn.edu, reu.dev.umn.edu","adausch, smantell, gardn032, mdunst",reu.me.umn.edu,CSE - College of Science & Engineering,None,False,,True,Drupal
685,UMN Minerals,prod,"mineral-esci.dev.umn.edu, mineral-esci.stg.umn.edu, mineral-esci.dl9.umn.edu",kress004,mineral.esci.umn.edu,CSE - College of Science & Engineering,Moved from CSE on 2025-05-15,False,,True,Drupal
944,UMN Networking Research Group,"test, prod","networking.stg.umn.edu, networking.dev.umn.edu, networking.dl8.umn.edu, networking.umn.edu, netwise.umn.edu",naray111,networking.cs.umn.edu,CSE - College of Science & Engineering,None,False,,True,Drupal
902,UMN SmallSat Program,"dev, test, prod","smallsat.stg.umn.edu, smallsat.dev.umn.edu, smallsat.dl9.umn.edu","glesener, zimm0542",smallsat.umn.edu,CSE - College of Science & Engineering,None,False,,True,Drupal
1006,UMN Women In Engineering,"test, prod","wie.stg.umn.edu, wie.dev.umn.edu, wie.dl9.umn.edu",kdukart,wie.umn.edu,CSE - College of Science & Engineering,Moved from CSE - ECE - Electrical & Comp Engineering on 2025-05-15,False,,True,Drupal
860,University of Minnesota - Biomedical Engineering Society,"dev, test, prod","bmes.stg.umn.edu, bmes.dev.umn.edu, bmes.dl9.umn.edu","turne845, pande138",bmes.umn.edu,CSE - College of Science & Engineering,None,False,,True,Drupal
811,University of Minnesota - Physical Sciences-Oncology Center,"dev, test, prod","psoc.stg.umn.edu, psoc.dev.umn.edu, psoc.dl9.umn.edu",prahl025,psoc.umn.edu,CSE - College of Science & Engineering,None,False,,True,Drupal
870,University of Minnesota Robotics,"dev, test, prod","studentrobotics.stg.umn.edu, studentrobotics.dev.umn.edu, studentrobotics.dl9.umn.edu, studentrobotics.umn.edu",qhe,studentrobotics.umn.edu,CSE - College of Science & Engineering,None,False,,True,Drupal
700,Victora Research Group,prod,victora.dev.umn.edu,victo004,victora.umn.edu,CSE - College of Science & Engineering,"Moved from CSE - CEGE - Civil, Env, & Geo- Engineering on 2025-05-15",False,,True,Drupal
992,Vipin Kumar,"dev, test, prod","vkumar.stg.umn.edu, vkumar.dev.umn.edu, vkumar.dl9.umn.edu",kumar001,vkumar.umn.edu,CSE - College of Science & Engineering,Moved from CSE - CS - Computer Science on 2025-05-15,False,,True,Drupal
696,Voller Research Group,prod,"voller-cege.dev.umn.edu, voller-cege.stg.umn.edu",mcdo0486,voller.cege.umn.edu,CSE - College of Science & Engineering,"Moved from CSE - CEGE - Civil, Env, & Geo- Engineering on 2025-05-15",False,,True,Drupal
857,Vuk Mandic,"test, prod","mandic.dev.umn.edu, mandic.stg.umn.edu",vuk,mandic.umn.edu,CSE - College of Science & Engineering,None,False,,True,Drupal
919,Wada Geodynamics Lab,"test, prod","geodynamics.stg.umn.edu, geodynamics.dev.umn.edu, geodynamics.dl9.umn.edu, geodynamics.esci.umn.edu",iwada,geodynamics.umn.edu,CSE - College of Science & Engineering,None,False,,True,Drupal
791,Walker Group,"test, prod","walker-cems.dev.umn.edu, walker-cems.stg.umn.edu",broa0036,walker.cems.umn.edu,CSE - College of Science & Engineering,None,False,,True,Drupal
970,Wang Lab,"test, prod","biomaterials.dl8.umn.edu, biomaterials.stg.umn.edu, biomaterials.dev.umn.edu",wangx504,biomaterials.umn.edu,CSE - College of Science & Engineering,None,False,,True,Drupal
760,Wayne Gladfelter Research Group,"test, prod","gladfelter.stg.umn.edu, gladfelter.dev.umn.edu, gladfelter.dl9.umn.edu","wlg, schul132",gladfelter.chem.umn.edu,CSE - College of Science & Engineering,Moved from CSE - CHEM - Dept of Chemistry on 2025-05-15,False,,True,Drupal
820,Weak Interactions and Neutrinos (WIN 2021),"dev, test, prod","win2021.stg.umn.edu, win2021.dev.umn.edu, win2021.dl9.umn.edu","astrong, marshak",win2021.umn.edu,CSE - College of Science & Engineering,None,False,,True,Drupal
780,Worsfold Research Group,prod,"worsfold.dev.umn.edu, worsfold.stg.umn.edu",worsfold,worsfold.umn.edu,CSE - College of Science & Engineering,None,False,,True,Drupal
969,Wright Research Group,prod,wright-me.dev.umn.edu,"wrigh677, natasha",wright.me.umn.edu,CSE - College of Science & Engineering,None,False,,True,Drupal
693,X-ray CT Lab,prod,"xraylab-esci.dl8.umn.edu, xraylab-esci.dev.umn.edu, xraylab-esci.stg.umn.edu",birle001,xraylab.esci.umn.edu,CSE - College of Science & Engineering,Moved from CSE on 2025-05-15,False,,True,Drupal
678,Xiong Research Group,"test, prod","xiong-cege.dev.umn.edu, xiong-cege.stg.umn.edu",mcdo0486,xiong.cege.umn.edu,CSE - College of Science & Engineering,Moved from CSE on 2025-05-15,False,,True,Drupal
698,Yahya Tousi Website,"test, prod","tousi.dev.umn.edu, tousi.stg.umn.edu",ymtousi,tousi.umn.edu,CSE - College of Science & Engineering,"Moved from CSE - CEGE - Civil, Env, & Geo- Engineering on 2025-05-15",False,,True,Drupal
782,Yang Katie Zhao Lab,prod,"yangkatiezhao.dev.umn.edu, yangkatiezhao.stg.umn.edu",yangzhao,yangkatiezhao.umn.edu,CSE - College of Science & Engineering,None,False,,True,Drupal
855,Yong-Zhong Qian,"test, prod","qian.dev.umn.edu, qian.stg.umn.edu",qianx007,qian.umn.edu,CSE - College of Science & Engineering,None,False,,True,Drupal
673,Yoshida Research Group,"test, prod","yoshida-bme.dev.umn.edu, yoshida-bme.stg.umn.edu",mcdo0486,yoshida.bme.umn.edu,CSE - College of Science & Engineering,Moved from CSE on 2025-05-15,False,,True,Drupal
731,Zasadzinski Research Group,"test, prod","zasadzinski.dl8.umn.edu, zasadzinski.dev.umn.edu, zasadzinski.stg.umn.edu",mcdo0486,zasadzinski.cems.umn.edu,CSE - College of Science & Engineering,Moved from CSE - CEMS - Chemical Engineering & Materials Sci on 2025-05-15,False,,True,Drupal
976,Zheng Isotope Geochemistry Laboratory,prod,"isotopes.umn.edu, isotopes.dev.umn.edu, isotopes.esci.umn.edu",zhengxy,isotopes.umn.edu,CSE - College of Science & Engineering,None,False,,True,Drupal
834,zudovlab,prod,"zudovlab.dev.umn.edu, zudovlab.stg.umn.edu","jallan, acomb004",zudovlab.umn.edu,CSE - College of Science & Engineering,None,False,,True,Drupal
