id,title,environments,aliases,owners,primary_url,department,notes,pope_tech,errors,active,cms
498,10 Plants,prod,"top10plantsmn.umn.edu, top10plantsmn.dev.umn.edu",lamxx025,top10plantsmn.umn.edu,"CFANS - Food, Ag, & Natural Resource Sci",None,True,,True,Drupal
303,Ag Business Club,prod,"abc.dev.umn.edu, abc.stg.umn.edu",lamxx025,abc.umn.edu,"CFANS - Food, Ag, & Natural Resource Sci",None,True,,True,Drupal
468,"Agricultural Education, Communication and Marketing","dev, test, prod","ag-ed-cfans.dev.umn.edu, ag-ed-cfans.stg.umn.edu, ag-ed-cfans.prd.umn.edu, www.ag-ed.cfans.umn.edu",lamxx025,ag-ed.cfans.umn.edu,"CFANS - Food, Ag, & Natural Resource Sci",None,True,,True,Drupal
435,Agronomy,"dev, test, prod","agronomy-d8-cfans.dev.umn.edu, agronomy-d8-cfans.stg.umn.edu, www.agronomy.cfans.umn.edu, agronomy.prd.umn.edu",lamxx025,agronomy.cfans.umn.edu,"CFANS - Food, Ag, & Natural Resource Sci",None,True,,True,Drupal
349,Anderson Lab,prod,"andersonlab-cfans.dev.umn.edu, andersonlab-cfans.stg.umn.edu",lamxx025,andersonlab.cfans.umn.edu,"CFANS - Food, Ag, & Natural Resource Sci",None,True,,True,Drupal
357,Animal Gene,prod,"animalgene.dl9.umn.edu, animalgene.dev.umn.edu, animalgene.stg.umn.edu, www.animalgene.umn.edu",lamxx025,animalgene.umn.edu,"CFANS - Food, Ag, & Natural Resource Sci",None,True,,True,Drupal
474,Animal Science,"dev, test, prod","ansci-d8.dev.umn.edu, ansci-d8.stg.umn.edu, ansci-d8.prd.umn.edu, www.ansci.umn.edu, ansci.umn.edu",lamxx025,ansci.umn.edu,"CFANS - Food, Ag, & Natural Resource Sci",None,True,,True,Drupal
385,Animal Systems Biology,"test, prod","www.animalsystemsbiology.cfans.umn.edu, animalsystemsbiology.stg.umn.edu, animalsystemsbiology.dev.umn.edu, animalsystemsbiology.dl8.umn.edu",lamxx025,animalsystemsbiology.cfans.umn.edu,"CFANS - Food, Ag, & Natural Resource Sci",None,True,,True,Drupal
288,Aphid Alert,prod,"aphidalert-dl9.dev.umn.edu, aphidalert-dl9.stg.umn.edu, aphidalert.dl9.umn.edu",lamxx025,aphidalert.umn.edu,"CFANS - Food, Ag, & Natural Resource Sci",None,True,,True,Drupal
352,Applied Plant Sciences Graduate Program,"dev, test, prod","appliedplantsciences.dev.umn.edu, appliedplantsciences.stg.umn.edu, appliedplantsciences.prd.umn.edu, www.appliedplantsciences.umn.edu",lamxx025,appliedplantsciences.umn.edu,"CFANS - Food, Ag, & Natural Resource Sci",None,True,,True,Drupal
351,Applied Weeds,prod,"appliedweeds.dev.umn.edu, appliedweeds.stg.umn.edu, appliedweeds.dl9.umn.edu, www.appliedweeds.cfans.umn.edu",lamxx025,appliedweeds.cfans.umn.edu,"CFANS - Food, Ag, & Natural Resource Sci",None,True,,True,Drupal
446,AquaGen,"test, prod","aquaticgenetics.dl8.umn.edu, aquaticgenetics.dev.umn.edu, aquaticgenetics.stg.umn.edu",lamxx025,aquaticgenetics.cfans.umn.edu,"CFANS - Food, Ag, & Natural Resource Sci",None,True,,True,Drupal
492,Aquaponics,"test, prod","www.aquaponics.umn.edu, aquaponics.dev.umn.edu, aquaponics.stg.umn.edu, aquaponics.dl8.umn.edu, aquaponics.umn.edu",lamxx025,aquaponics.umn.edu,"CFANS - Food, Ag, & Natural Resource Sci",None,True,,True,Drupal
124,Arboretum,"dev, test, prod","arb.stg.umn.edu, arb.dev.umn.edu, arb.dl9.umn.edu, budbreak.umn.edu, tasteandtoast.umn.edu, www.tasteandtoast.umn.edu, arbtravel.umn.edu, arbvol.umn.edu, volunteer.arb.umn.edu, emgconference.umn.edu, arboretum.umn.edu, www.arboretum.umn.edu, arbconservation.umn.edu, www.arb.umn.edu","lamxx025, tlany, elada003, rodr1019, schla503, wils2865, sbed",arb.umn.edu,"CFANS - Food, Ag, & Natural Resource Sci",None Not active; Moved from ARB - Arboretum on 2025-05-15,True,,True,Drupal
486,Assessing Vegetation Impacts from Deer,"test, prod","avid.dl8.umn.edu, avid.stg.umn.edu, avid.dev.umn.edu, avid.umn.edu",lamxx025,avid.umn.edu,"CFANS - Food, Ag, & Natural Resource Sci",None,True,,True,Drupal
329,Atmospheric Chemistry,prod,"atmoschem.dev.umn.edu, atmoschem.stg.umn.edu, atmoschem.dl9.umn.edu, www.atmoschem.umn.edu",lamxx025,atmoschem.umn.edu,"CFANS - Food, Ag, & Natural Resource Sci",None,True,,True,Drupal
464,Barney Bioproducts Lab,"test, prod","barneybioproductslab.dl8.umn.edu, barneybioproductslab.stg.umn.edu, barneybioproductslab.cfans.umn.edu",lamxx025,barneybioproductslab.umn.edu,"CFANS - Food, Ag, & Natural Resource Sci",None,True,,True,Drupal
375,BBE,"dev, test, prod","bbe.dev.umn.edu, bbe.stg.umn.edu, bbe.prd.umn.edu, www.bbe.umn.edu",lamxx025,bbe.umn.edu,"CFANS - Food, Ag, & Natural Resource Sci",None,True,,True,Drupal
296,BBE2201 Renewable Energy and the Environment,"test, prod","bbe2201.stg.umn.edu, bbe2201.dev.umn.edu, bbe2201.dl9.umn.edu","schmi071, lamxx025",bbe2201.cfans.umn.edu,"CFANS - Food, Ag, & Natural Resource Sci",None,True,,True,Drupal
362,Bee Lab,"dev, test, prod","beelab.dev.umn.edu, beelab.stg.umn.edu, www.beelab.umn.edu, beelab.prd.umn.edu, beesquad.umn.edu, www.beesquad.umn.edu",lamxx025,beelab.umn.edu,"CFANS - Food, Ag, & Natural Resource Sci",None,True,,True,Drupal
454,BioCON,"test, prod","biocon.dl8.umn.edu, biocon.stg.umn.edu, www.biocon.umn.edu",lamxx025,biocon.umn.edu,"CFANS - Food, Ag, & Natural Resource Sci",None,True,,True,Drupal
302,Bioengineering in Specialty Crops,prod,"besc.dev.umn.edu, besc.stg.umn.edu","mabbey, lamxx025",besc.umn.edu,"CFANS - Food, Ag, & Natural Resource Sci",None,True,,True,Drupal
345,Biometeorology Group,prod,"biometeorology.umn.edu, www.biometeorology.umn.edu, biometeorology.dev.umn.edu, biometeorology.stg.umn.edu, biometeorology.dl9.umn.edu",lamxx025,biometeorology.umn.edu,"CFANS - Food, Ag, & Natural Resource Sci",None,True,,True,Drupal
386,Block & Bridle Club,"test, prod","www.blockandbridleclub.umn.edu, blockandbridleclub.stg.umn.edu, blockandbridleclub.dev.umn.edu, blockandbridleclub.dl8.umn.edu",lamxx025,blockandbridleclub.umn.edu,"CFANS - Food, Ag, & Natural Resource Sci",None,True,,True,Drupal
460,Bo Hu Research Group,"test, prod","bohu.dl8.umn.edu, bohu.dev.umn.edu, bohu.stg.umn.edu",lamxx025,bohu.cfans.umn.edu,"CFANS - Food, Ag, & Natural Resource Sci",None,True,,True,Drupal
449,Borlaug Memorial Lecture,"test, prod","www.borlaugmemoriallecture.umn.edu, borlaugmemoriallecture.dl8.umn.edu, borlaugmemoriallecture.stg.umn.edu",lamxx025,borlaugmemoriallecture.umn.edu,"CFANS - Food, Ag, & Natural Resource Sci",None,True,,True,Drupal
442,Campus Trees,"test, prod","campustrees.dl8.umn.edu, campustrees.stg.umn.edu, www.campustrees.umn.edu",lamxx025,campustrees.umn.edu,"CFANS - Food, Ag, & Natural Resource Sci",None,True,,True,Drupal
393,Capstone BBE,prod,"capstonebbe-cfans.dev.umn.edu, capstonebbe-cfans.stg.umn.edu",lamxx025,capstonebbe.cfans.umn.edu,"CFANS - Food, Ag, & Natural Resource Sci",None,True,,True,Drupal
373,Career & Internship Services,prod,"www.careerhelp.umn.edu, careerhelp.dl9.umn.edu, careerhelp-dl9.dev.umn.edu, careerhelp-dl9.stg.umn.edu",lamxx025,careerhelp.umn.edu,"CFANS - Food, Ag, & Natural Resource Sci",None,True,,True,Drupal
488,Center for Biorefining,"test, prod","biorefining.dl8.umn.edu, biorefining.stg.umn.edu, biorefining.cfans.umn.edu",lamxx025,biorefining.umn.edu,"CFANS - Food, Ag, & Natural Resource Sci",None,True,,True,Drupal
430,Center for Changing Landscapes,prod,"changinglandscapes.dl8.umn.edu, changinglandscapes.dev.umn.edu, changinglandscapes.stg.umn.edu, www.changinglandscapes.umn.edu",lamxx025,changinglandscapes.umn.edu,"CFANS - Food, Ag, & Natural Resource Sci",None,True,,True,Drupal
447,Center for Encapsulation Innovation,"test, prod","encapsulationinnovation.dl8.umn.edu, encapsulationinnovation.stg.umn.edu",lamxx025,encapsulationinnovation.umn.edu,"CFANS - Food, Ag, & Natural Resource Sci",None,True,,True,Drupal
421,Cereal Disease,"test, prod","cerealdisease.stg.umn.edu, cerealdisease.dev.umn.edu, cerealdisease.dl8.umn.edu, cerealdisease.cfans.umn.edu",lamxx025,cerealdisease.cfans.umn.edu,"CFANS - Food, Ag, & Natural Resource Sci",None,True,,True,Drupal
371,Cereal Lab,prod,"cereallab-cfans.dev.umn.edu, cereallab-cfans.stg.umn.edu",lamxx025,cereallab.cfans.umn.edu,"CFANS - Food, Ag, & Natural Resource Sci",None,True,,True,Drupal
368,CESU,prod,"cesu.dl8.umn.edu, cesu.dev.umn.edu, cesu.stg.umn.edu",lamxx025,cesu.umn.edu,"CFANS - Food, Ag, & Natural Resource Sci",None,True,,True,Drupal
482,CFANS,"dev, test, prod","cfans.dev.umn.edu, cfans.stg.umn.edu, cfans.prd.umn.edu, cfans.umn.edu, www.cfans.umn.edu",lamxx025,cfans.umn.edu,"CFANS - Food, Ag, & Natural Resource Sci",None,True,,True,Drupal
483,CFANS Intranet,"dev, test, prod","intranet-cfans.dev.umn.edu, intranet-cfans.stg.umn.edu, intranet-cfans.prd.umn.edu, intranet.cfans.umn.edu",lamxx025,intranet.cfans.umn.edu,"CFANS - Food, Ag, & Natural Resource Sci",None,True,,True,Drupal
427,Chironomidae Research Group,"dev, test, prod","midge.stg.umn.edu, midge.dev.umn.edu, midge.dl8.umn.edu, midge.cfans.umn.edu",lamxx025,midge.cfans.umn.edu,"CFANS - Food, Ag, & Natural Resource Sci",None,True,,True,Drupal
331,CINRAM,prod,"cinram.dev.umn.edu, cinram.stg.umn.edu, cinram-dl9.umn.edu, www.cinram.umn.edu",lamxx025,cinram.umn.edu,"CFANS - Food, Ag, & Natural Resource Sci",None,True,,True,Drupal
404,Citizen Science,"test, prod","www.citizenscience.umn.edu, citizenscience.stg.umn.edu, citizenscience.dev.umn.edu, citizenscience.dl8.umn.edu",lamxx025,citizenscience.umn.edu,"CFANS - Food, Ag, & Natural Resource Sci",None,True,,True,Drupal
369,CLAWS,prod,"www.claws.umn.edu, claws.dev.umn.edu, claws.stg.umn.edu, claws.dl9.umn.edu, claws.umn.edu",lamxx025,claws.umn.edu,"CFANS - Food, Ag, & Natural Resource Sci",None,True,,True,Drupal
432,Cloquet Forestry Center,"dev, prod","cfc-cfans-d8.dev.umn.edu, cfc-cfans-d8.stg.umn.edu, cfc-prd.cfans.umn.edu, cfc.cfans.umn.edu",lamxx025,cfc.cfans.umn.edu,"CFANS - Food, Ag, & Natural Resource Sci",None,True,,True,Drupal
280,Cognitive Lab,prod,"cognitivelab.cfans.umn.edu, cognitivelab-cfans.dev.umn.edu, cognitivelab-cfans.stg.umn.edu",lamxx025,cognitivelab.cfans.umn.edu,"CFANS - Food, Ag, & Natural Resource Sci",None,True,,True,Drupal
396,Cohen Lab,"test, prod","cohenlab.stg.umn.edu, cohenlab.dev.umn.edu, cohenlab.dl8.umn.edu",lamxx025,cohenlab.cfans.umn.edu,"CFANS - Food, Ag, & Natural Resource Sci",None,True,,True,Drupal
372,Conservation Sciences Graduate Program,"dev, test, prod","www.conssci.umn.edu, conssci.dev.umn.edu, conssci.stg.umn.edu, conssci.prd.umn.edu",lamxx025,conssci.umn.edu,"CFANS - Food, Ag, & Natural Resource Sci",None,True,,True,Drupal
274,Consumer Behavior and Marketing Lab,prod,"behaviorlab-cfans.dev.umn.edu, behaviorlab-cfans.stg.umn.edu",lamxx025,behaviorlab.cfans.umn.edu,"CFANS - Food, Ag, & Natural Resource Sci",None,True,,True,Drupal
467,Cory Hirsch lab,"test, prod","coryhirschlab.stg.umn.edu, coryhirschlab.dev.umn.edu, coryhirschlab.dl8.umn.edu, coryhirschlab.cfans.umn.edu",lamxx025,coryhirschlab.cfans.umn.edu,"CFANS - Food, Ag, & Natural Resource Sci",None,True,,True,Drupal
513,Cover it up!,prod,coveritup.umn.edu,"knosa003, parti032, lamxx025",coveritup.umn.edu,"CFANS - Food, Ag, & Natural Resource Sci",None,True,,True,Drupal
469,Dept. of Applied Economics,"dev, test, prod","apec.dev.umn.edu, apec.stg.umn.edu, apec.prd.umn.edu, www.apec.umn.edu, apecgrad.umn.edu, www.apecgrad.umn.edu",lamxx025,apec.umn.edu,"CFANS - Food, Ag, & Natural Resource Sci",None,True,,True,Drupal
471,"Dept. of FIsheries, Wildlife and Conservation Biology","dev, test, prod","fwcb-cfans.dev.umn.edu, fwcb-cfans.stg.umn.edu, fwcb-cfans.prd.umn.edu, www.fwcb.cfans.umn.edu",lamxx025,fwcb.cfans.umn.edu,"CFANS - Food, Ag, & Natural Resource Sci",None,True,,True,Drupal
494,Dept. of Food Science & Nutrition,"dev, test, prod","fscn-cfans.dev.umn.edu, fscn-cfans.stg.umn.edu, fscn-cfans.prd.umn.edu",lamxx025,fscn.cfans.umn.edu,"CFANS - Food, Ag, & Natural Resource Sci",None,True,,True,Drupal
470,Dept. of Plant Pathology,"dev, test, prod","plpa-cfans.dev.umn.edu, plpa-cfans.stg.umn.edu, plpa-cfans.prd.umn.edu, www.plpa.cfans.umn.edu",lamxx025,plpa.cfans.umn.edu,"CFANS - Food, Ag, & Natural Resource Sci",None,True,,True,Drupal
413,"Dept. of Soil, Water and Climate","dev, test, prod","www.swac.umn.edu, swac.dev.umn.edu, swac.stg.umn.edu, swac.prd.umn.edu",lamxx025,swac.umn.edu,"CFANS - Food, Ag, & Natural Resource Sci",None,True,,True,Drupal
418,Dietetic Internship,"test, prod","dieteticinternship.stg.umn.edu, dieteticinternship.dev.umn.edu, dieteticinternship.dl8.umn.edu, dieteticinternship.cfans.umn.edu",lamxx025,dieteticinternship.cfans.umn.edu,"CFANS - Food, Ag, & Natural Resource Sci",None,True,,True,Drupal
326,Diseases of Forest and Shade Trees,prod,"treediseases.cfans.dev.umn.edu, treediseases.cfans.stg.umn.edu, treediseases.cfans.dl9.umn.edu, www.treediseases.cfans.umn.edu",lamxx025,treediseases.cfans.umn.edu,"CFANS - Food, Ag, & Natural Resource Sci",None,True,,True,Drupal
394,Diversity Enriched Curriculum,prod,"dec.dev.umn.edu, dec.stg.umn.edu",lamxx025,dec.umn.edu,"CFANS - Food, Ag, & Natural Resource Sci",None,True,,True,Drupal
510,Enhancing Soil Health in U.S. Potato Production Systems | Specialty Crops Research Initiative,prod,"potatosoilhealth.dl8.umn.edu, potatosoilhealth.cfans.umn.edu","crant002, lamxx025",potatosoilhealth.cfans.umn.edu,"CFANS - Food, Ag, & Natural Resource Sci",None,True,,True,Drupal
480,Enology,"test, prod","enology.dl8.umn.edu, enology.dev.umn.edu, enology.stg.umn.edu, www.enology.umn.edu, enology.umn.edu",lamxx025,enology.umn.edu,"CFANS - Food, Ag, & Natural Resource Sci",None,True,,True,Drupal
407,Entomology,"dev, test, prod","entomology.dev.umn.edu, entomology.stg.umn.edu, www.entomology.umn.edu, entomology.prd.umn.edu, entomology.umn.edu","lamxx025, hvander, cclough, mbalak",entomology.umn.edu,"CFANS - Food, Ag, & Natural Resource Sci",None,True,,True,Drupal
335,"Environmental Sciences, Policy and Management (ESPM)","dev, test, prod","espm.dev.umn.edu, espm.stg.umn.edu, www.espm.umn.edu, espm.prd.umn.edu",lamxx025,espm.umn.edu,"CFANS - Food, Ag, & Natural Resource Sci",None,True,,True,Drupal
360,Erosion and Stormwater Management Certification Program,"dev, test, prod","erosion.dev.umn.edu, erosion.stg.umn.edu, www.erosion.umn.edu, erosion.prd.umn.edu",lamxx025,erosion.umn.edu,"CFANS - Food, Ag, & Natural Resource Sci",None,True,,True,Drupal
425,Faulk Lab,"dev, test, prod","faulklab.cfans.umn.edu, faulklab.stg.umn.edu, faulklab.dev.umn.edu, faulklab.dl8.umn.edu",lamxx025,faulklab.cfans.umn.edu,"CFANS - Food, Ag, & Natural Resource Sci",None,True,,True,Drupal
283,Fei Yang Lab,prod,"fyanglab-cfans.dev.umn.edu, fyanglab-cfans.stg.umn.edu",lamxx025,fyanglab.cfans.umn.edu,"CFANS - Food, Ag, & Natural Resource Sci",None,True,,True,Drupal
479,Fieberg Lab,"test, prod","fieberg-lab.dl8.umn.edu, fieberg-lab.stg.umn.edu, fieberg-lab.dev.umn.edu, fieberg-lab.cfans.umn.edu","jfieberg, lamxx025",fieberg-lab.cfans.umn.edu,"CFANS - Food, Ag, & Natural Resource Sci",None,True,,True,Drupal
448,Fine Fescue,"test, prod","lowinputturf.dl8.umn.edu, lowinputturf.dev.umn.edu, lowinputturf.stg.umn.edu",lamxx025,lowinputturf.umn.edu,"CFANS - Food, Ag, & Natural Resource Sci",None,True,,True,Drupal
300,Firpo Lab,prod,"firpolab.dev.umn.edu, firpolab.stg.umn.edu",lamxx025,oliverafirpolab.cfans.umn.edu,"CFANS - Food, Ag, & Natural Resource Sci",None,True,,True,Drupal
500,"Fisheries, Wildlife, and Conservation Biology Club",prod,"fwcbclub.dl8.umn.edu, fwcbclub.cfans.umn.edu","mower022, lamxx025",fwcbclub.cfans.umn.edu,"CFANS - Food, Ag, & Natural Resource Sci",None,True,,True,Drupal
306,Food Analysis Textbook,prod,"foodanalysistextbook.dev.umn.edu, foodanalysistextbook.stg.umn.edu, www-new.foodsci.purdue.edu",lamxx025,foodanalysistextbook.umn.edu,"CFANS - Food, Ag, & Natural Resource Sci",None,True,,True,Drupal
414,Food Industry Center,"test, prod","www.foodindustrycenter.umn.edu, foodindustrycenter.stg.umn.edu, foodindustrycenter.dev.umn.edu, foodindustrycenter.dl8.umn.edu",lamxx025,foodindustrycenter.umn.edu,"CFANS - Food, Ag, & Natural Resource Sci",None,True,,True,Drupal
350,Forest Ecology Lab,prod,"forestecology.dev.umn.edu, forestecology.stg.umn.edu, forestecology.dl9.umn.edu, www.forestecology.cfans.umn.edu",lamxx025,forestecology.cfans.umn.edu,"CFANS - Food, Ag, & Natural Resource Sci",None,True,,True,Drupal
287,Forest Pathology,"dev, prod","forestpathology-cfans.dev.umn.edu, forestpathology-cfans.stg.umn.edu, forestpathology-cfans.prd.umn.edu",lamxx025,forestpathology.cfans.umn.edu,"CFANS - Food, Ag, & Natural Resource Sci",None,True,,True,Drupal
438,Forest Products Management Development Institute,"test, prod","fpmdi.dl8.umn.edu, fpmdi.stg.umn.edu, fpmdi.bbe.umn.edu",lamxx025,fpmdi.umn.edu,"CFANS - Food, Ag, & Natural Resource Sci",None,True,,True,Drupal
431,Forest Resources,"dev, test, prod","forestry-d8.dev.umn.edu, forestry-d8.stg.umn.edu, www.forestry.umn.edu, forestry-d8.prd.umn.edu, forestry.umn.edu",lamxx025,forestry.umn.edu,"CFANS - Food, Ag, & Natural Resource Sci",None,True,,True,Drupal
383,Forester Lab,"test, prod","foresterlab.stg.umn.edu, foresterlab.dev.umn.edu, foresterlab.dl8.umn.edu",lamxx025,foresterlab.cfans.umn.edu,"CFANS - Food, Ag, & Natural Resource Sci",None,True,,True,Drupal
476,Forestry Club,"test, prod","forestryclub.dl8.umn.edu, forestryclub.stg.umn.edu, forestryclub.cfans.umn.edu, forestryclub.umn.edu",lamxx025,forestryclub.umn.edu,"CFANS - Food, Ag, & Natural Resource Sci",None,True,,True,Drupal
337,Forever Green,prod,"forevergreen.dev.umn.edu, forevergreen.stg.umn.edu, forevergreen.dl9.umn.edu, www.forevergreen.umn.edu",lamxx025,forevergreen.umn.edu,"CFANS - Food, Ag, & Natural Resource Sci",None,True,,True,Drupal
417,Frenatae,"test, prod","www.frenatae.umn.edu, frenatae.stg.umn.edu, frenatae.dev.umn.edu, frenatae.dl8.umn.edu, frenatae.umn.edu",lamxx025,frenatae.cfans.umn.edu,"CFANS - Food, Ag, & Natural Resource Sci",None,True,,True,Drupal
389,Fruit,"test, prod","fruit.stg.umn.edu, fruit.dev.umn.edu, fruit.dl8.umn.edu, fruit.umn.edu",lamxx025,fruit.umn.edu,"CFANS - Food, Ag, & Natural Resource Sci",None,True,,True,Drupal
342,FruitEdge,prod,"www.fruitedge.umn.edu, fruitedge-dl9.umn.edu, fruitedge-dl9.dev.umn.edu, fruitedge-dl9.stg.umn.edu, fruitedge.umn.edu",lamxx025,fruitedge-dl9.umn.edu,"CFANS - Food, Ag, & Natural Resource Sci",None,True,,True,Drupal
312,Fulton Lab,prod,"fultonlab-cfans.dev.umn.edu, fultonlab-cfans.stg.umn.edu",lamxx025,fultonlab.cfans.umn.edu,"CFANS - Food, Ag, & Natural Resource Sci",None,True,,True,Drupal
286,Fungal Symposium,prod,"fungalsymposium.dev.umn.edu, fungalsymposium.stg.umn.edu",lamxx025,fungalsymposium.umn.edu,"CFANS - Food, Ag, & Natural Resource Sci",None,True,,True,Drupal
297,Galatowitsch Group,"test, prod","galatowitschgroup.stg.umn.edu, galatowitschgroup.dev.umn.edu, galatowitschgroup.dl9.umn.edu",lamxx025,galatowitschgroup.cfans.umn.edu,"CFANS - Food, Ag, & Natural Resource Sci",None,True,,True,Drupal
503,Gary's Bees,"test, prod","garybees.dl8.umn.edu, garybees.cfans.umn.edu, garybees.stg.umn.edu","reute001, lamxx025",garybees.umn.edu,"CFANS - Food, Ag, & Natural Resource Sci",None,True,,True,Drupal
317,GEMS,"dev, test, prod","gems.stg.umn.edu, gems.dev.umn.edu","lamxx025, parso410, dewet036, dewet039, munde026, shand095",gems.umn.edu,"CFANS - Food, Ag, & Natural Resource Sci",None,True,,True,Drupal
320,giscourses.cfans.umn.edu,prod,"giscourses-cfans.dev.umn.edu, giscourses-cfans.stg.umn.edu, giscourses-cfans.dl9.umn.edu, www.giscourses.cfans.umn.edu",lamxx025,giscourses.cfans.umn.edu,"CFANS - Food, Ag, & Natural Resource Sci",None,True,,True,Drupal
314,GMO ERA Project,prod,"gmoera.dl9.umn.edu, gmoera-dl9.dev.umn.edu, gmoera-dl9.stg.umn.edu, www.gmoera.umn.edu",lamxx025,gmoera.umn.edu,"CFANS - Food, Ag, & Natural Resource Sci",None,True,,True,Drupal
505,Gomez Lab,"test, prod","gomezlab.dl8.umn.edu, gomezlab.stg.umn.edu, gomezlab.dev.umn.edu","davi2714, lamxx025",gomezlab.cfans.umn.edu,"CFANS - Food, Ag, & Natural Resource Sci",None,True,,True,Drupal
354,Graduate Program in Land and Atmospheric Science,"dev, test, prod","laas.dev.umn.edu, laas.stg.umn.edu, laas.prd.umn.edu, www.laas.umn.edu",lamxx025,laas.umn.edu,"CFANS - Food, Ag, & Natural Resource Sci",None,True,,True,Drupal
380,Grand Challenge Research Project,"test, prod","www.phenology.umn.edu, phenology.stg.umn.edu, phenology.dev.umn.edu, phenology.dl8.umn.edu",lamxx025,phenology.umn.edu,"CFANS - Food, Ag, & Natural Resource Sci",None,True,,True,Drupal
509,grasses.dl8.umn.edu,"test, prod","grasses.dl8.umn.edu, grasses.stg.umn.edu, grasses.dev.umn.edu, grasses.cfans.umn.edu","meyer023, lamxx025",grasses.umn.edu,"CFANS - Food, Ag, & Natural Resource Sci",None,True,,True,Drupal
290,Great Lakes Silviculture Library,"dev, test, prod","silvlib-cfans.dev.umn.edu, silvlib-cfans.stg.umn.edu, silvlib-cfans.dl9.umn.edu, www.silvlib.cfans.umn.edu",lamxx025,silvlib.cfans.umn.edu,"CFANS - Food, Ag, & Natural Resource Sci",None,True,,True,Drupal
514,Grossman Lab,"dev, test, prod","grossmanlab.dl8.umn.edu, grossmanlab.dev.umn.edu, grossmanlab.stg.umn.edu",lamxx025,grossmanlab.cfans.umn.edu,"CFANS - Food, Ag, & Natural Resource Sci",None,True,,True,Drupal
508,Gutknecht Lab,prod,"gutknechtlab.dl8.umn.edu, gutknechtlab.cfans.umn.edu","nordstro, lamxx025",gutknechtlab.umn.edu,"CFANS - Food, Ag, & Natural Resource Sci",None,True,,True,Drupal
361,"Healthy Foods, Healthy Lives","dev, test, prod","hfhl.dev.umn.edu, hfhl.stg.umn.edu, www.hfhl.umn.edu, hfhl.prd.umn.edu",lamxx025,hfhl.umn.edu,"CFANS - Food, Ag, & Natural Resource Sci",None,True,,True,Drupal
416,Hegeman Lab,"test, prod","hegemanlab.stg.umn.edu, hegemanlab.dev.umn.edu, hegemanlab.dl8.umn.edu",lamxx025,hegemanlab.cfans.umn.edu,"CFANS - Food, Ag, & Natural Resource Sci",None,True,,True,Drupal
436,Heimpel Lab,"test, prod","heimpellab.dl8.umn.edu, heimpellab.stg.umn.edu, heimpellab.cfans.umn.edu",lamxx025,heimpellab.umn.edu,"CFANS - Food, Ag, & Natural Resource Sci",None,True,,True,Drupal
285,Hill Gallant Lab,prod,"hillgallantlab-cfans.dev.umn.edu, hillgallantlab-cfans.stg.umn.edu",lamxx025,hillgallantlab.cfans.umn.edu,"CFANS - Food, Ag, & Natural Resource Sci",None,True,,True,Drupal
453,Hirsch Lab,"test, prod","hirschlab.dl8.umn.edu, hirschlab.dev.umn.edu, hirschlab.stg.umn.edu",lamxx025,hirschlab.cfans.umn.edu,"CFANS - Food, Ag, & Natural Resource Sci",None,True,,True,Drupal
434,Horticulture,"dev, test, prod","horticulture-d8.dev.umn.edu, horticulture-d8.stg.umn.edu, www.horticulture.umn.edu, horticulture-d8.prd.umn.edu, horticulture.cfans.umn.edu, foodsystems.umn.edu, www.foodsystems.umn.edu, plantscience.umn.edu, www.plantscience.umn.edu",lamxx025,horticulture.umn.edu,"CFANS - Food, Ag, & Natural Resource Sci",None,True,,True,Drupal
501,Hove Lab,prod,hovelab.dl8.umn.edu,"hovex002, lamxx025",hovelab.cfans.umn.edu,"CFANS - Food, Ag, & Natural Resource Sci",None,True,,True,Drupal
507,hrdmn.umn.edu,prod,"hrdmn.dl8.umn.edu, hrdmn.cfans.umn.edu","bheld, lamxx025",hrdmn.umn.edu,"CFANS - Food, Ag, & Natural Resource Sci",None,True,,True,Drupal
433,Hubachek Wilderness Research Center,"dev, test, prod","hwrc-cfans.dev.umn.edu, hwrc-cfans.stg.umn.edu, hwrc.cfans.umn.edu",lamxx025,hwrc.cfans.umn.edu,"CFANS - Food, Ag, & Natural Resource Sci",None,True,,True,Drupal
420,IIC,"test, prod","www.iic.umn.edu, iic.stg.umn.edu, iic.dev.umn.edu, iic.dl8.umn.edu",lamxx025,iic.umn.edu,"CFANS - Food, Ag, & Natural Resource Sci",None,True,,True,Drupal
275,Insect Club,prod,"insectclub-cfans.dev.umn.edu, insectclub-cfans.stg.umn.edu",lamxx025,insectclub.cfans.umn.edu,"CFANS - Food, Ag, & Natural Resource Sci",None,True,,True,Drupal
358,Insect Collection,prod,"insectcollection-dl9.dev.umn.edu, insectcollection-dl9.stg.umn.edu, www.insectcollection.umn.edu, insectcollection.dl9.umn.edu, insectcollection.umn.edu",lamxx025,insectcollection.umn.edu,"CFANS - Food, Ag, & Natural Resource Sci",None,True,,True,Drupal
294,InSTePP,prod,"instepp-d9.dev.umn.edu, instepp-d9.stg.umn.edu, www.instepp.umn.edu, instepp.dl9.umn.edu, instepp-d9.umn.edu",lamxx025,instepp.umn.edu,"CFANS - Food, Ag, & Natural Resource Sci",None,True,,True,Drupal
281,Integrated Cropping Systems Weed Science,prod,"weedscience-cfans.dev.umn.edu, weedscience-cfans.stg.umn.edu, weedscience.cfans.umn.edu",lamxx025,weedscience.cfans.umn.edu,"CFANS - Food, Ag, & Natural Resource Sci",None,True,,True,Drupal
481,Intense Pulsed Light for Food Safety,"test, prod","iplforfoodsafety.dl8.umn.edu, iplforfoodsafety.stg.umn.edu, iplforfoodsafety.dev.umn.edu, iplforfoodsafety.cfans.umn.edu",lamxx025,iplforfoodsafety.cfans.umn.edu,"CFANS - Food, Ag, & Natural Resource Sci",None,True,,True,Drupal
392,International Wild Barley Sequencing Consortium,prod,"iwbsc.dev.umn.edu, iwbsc.stg.umn.edu","bsteffen, jugov002, lamxx025",iwbsc.umn.edu,"CFANS - Food, Ag, & Natural Resource Sci",None,True,,True,Drupal
347,IPM World,prod,"ipmworld.dev.umn.edu, ipmworld.stg.umn.edu, ipmworld.dl9.umn.edu, www.ipmworld.umn.edu",lamxx025,ipmworld.umn.edu,"CFANS - Food, Ag, & Natural Resource Sci",None,True,,True,Drupal
493,Ismail Lab,"test, prod","ismaillab.stg.umn.edu, ismaillab.dev.umn.edu, ismaillab.dl8.umn.edu, ismaillab.cfans.umn.edu",lamxx025,ismaillab.cfans.umn.edu,"CFANS - Food, Ag, & Natural Resource Sci",None,True,,True,Drupal
472,Jason Hill Lab,"dev, test, prod","hill.dev.umn.edu, hill.stg.umn.edu, hill.dl8.umn.edu, hill.cfans.umn.edu",lamxx025,hill.cfans.umn.edu,"CFANS - Food, Ag, & Natural Resource Sci",None,True,,True,Drupal
429,Jumping Worms Project,prod,"jwp-cfans.dev.umn.edu, jwp-cfans.stg.umn.edu",lamxx025,jwp.cfans.umn.edu,"CFANS - Food, Ag, & Natural Resource Sci",None,True,,True,Drupal
304,Karwan Lab,"dev, test, prod","karwanlab.stg.umn.edu, karwanlab.dev.umn.edu, karwanlab.dl9.umn.edu, karwanlab.cfans.umn.edu",lamxx025,karwanlab.umn.edu,"CFANS - Food, Ag, & Natural Resource Sci",None,True,,True,Drupal
379,khokhanilab.cfans.umn.edu,prod,"khokhanilab-cfans.dev.umn.edu, khokhanilab-cfans.stg.umn.edu","khokh015, lamxx025",khokhanilab.cfans.umn.edu,"CFANS - Food, Ag, & Natural Resource Sci",None,True,,True,Drupal
499,Kumar Mallikarjunan Lab,prod,mallikarjunan.cfans.umn.edu,lamxx025,mallikarjunan.cfans.umn.edu,"CFANS - Food, Ag, & Natural Resource Sci",None,True,,True,Drupal
515,Land-Grant Legacy Scholars,prod,lgls.cfans.umn.edu,lamxx025,lgls.cfans.umn.edu,"CFANS - Food, Ag, & Natural Resource Sci",None,True,,True,Drupal
475,Land Water Place,prod,"landwaterplace.umn.edu, landwaterplace.dev.umn.edu","pdn, holr0002, lamxx025",landwaterplace.umn.edu,"CFANS - Food, Ag, & Natural Resource Sci",None,True,,True,Drupal
465,Larkin Lab,"test, prod","larkinlab.dl8.umn.edu, larkinlab.stg.umn.edu, larkinlab.cfans.umn.edu",lamxx025,larkinlab.umn.edu,"CFANS - Food, Ag, & Natural Resource Sci",None,True,,True,Drupal
478,Larry Baker Lab,"test, prod","larrybakerlab.dev.umn.edu, larrybakerlab.stg.umn.edu, larrybakerlab.dl8.umn.edu",lamxx025,larrybakerlab.cfans.umn.edu,"CFANS - Food, Ag, & Natural Resource Sci",None,True,,True,Drupal
426,Ledee,"dev, test, prod","www.ledee.cfans.umn.edu, ledee.stg.umn.edu, ledee.dev.umn.edu, ledee.dl8.umn.edu",lamxx025,ledee.cfans.umn.edu,"CFANS - Food, Ag, & Natural Resource Sci",None,True,,True,Drupal
415,Long-Term Agricultural Research Network,"test, prod","ltarn.stg.umn.edu, ltarn.dev.umn.edu, ltarn.dl8.umn.edu, ltarn.cfans.umn.edu",lamxx025,ltarn.cfans.umn.edu,"CFANS - Food, Ag, & Natural Resource Sci",None,True,,True,Drupal
408,MAISRC,"dev, test, prod","maisrc-d8.dev.umn.edu, maisrc-d8.stg.umn.edu, maisrc-d8.prd.umn.edu, www.maisrc.umn.edu",lamxx025,maisrc.umn.edu,"CFANS - Food, Ag, & Natural Resource Sci",None,True,,True,Drupal
363,MAST,"dev, test, prod","mast-cfans.dev.umn.edu, mast-cfans.stg.umn.edu, mast-cfans.prd.umn.edu, www.mast.cfans.umn.edu",lamxx025,mast.cfans.umn.edu,"CFANS - Food, Ag, & Natural Resource Sci",None,True,,True,Drupal
491,Master Woodland Owner,prod,"mwop.dl8.umn.edu, mwop.dl8.dev.umn.edu, mwop.dl8.stg.umn.edu, mwop.umn.edu",lamxx025,mwop.umn.edu,"CFANS - Food, Ag, & Natural Resource Sci",None,True,,True,Drupal
307,McCaghey Lab,prod,"mccagheylab-cfans.dev.umn.edu, mccagheylab-cfans.stg.umn.edu",lamxx025,mccagheylab.cfans.umn.edu,"CFANS - Food, Ag, & Natural Resource Sci",None,True,,True,Drupal
382,Mesce Lab,"test, prod","mescelab.stg.umn.edu, mescelab.dev.umn.edu, mescelab.dl8.umn.edu",lamxx025,mescelab.cfans.umn.edu,"CFANS - Food, Ag, & Natural Resource Sci",None,True,,True,Drupal
367,Midwest Dairy Foods Research Center,"dev, test, prod","midwestdairy.dl9.umn.edu, midwestdairy.dev.umn.edu, midwestdairy.stg.umn.edu, www.midwestdairy.umn.edu",lamxx025,midwestdairy.umn.edu,"CFANS - Food, Ag, & Natural Resource Sci",None,True,,True,Drupal
406,Minnesota Agricultural Experiment Station,"dev, test, prod","maes.dev.umn.edu, maes.stg.umn.edu, www.maes.umn.edu, maes.prd.umn.edu","lamxx025, hvander, mbalak",maes.umn.edu,"CFANS - Food, Ag, & Natural Resource Sci",None,True,,True,Drupal
405,Minnesota Hardy,"dev, test, prod","mnhardy.dev.umn.edu, mnhardy.stg.umn.edu, www.mnhardy.umn.edu, mnhardy.prd.umn.edu","lamxx025, hvander, mbalak",mnhardy.umn.edu,"CFANS - Food, Ag, & Natural Resource Sci",None,True,,True,Drupal
327,Minnesota Invasive Terrestrial Plants and Pests Center,"dev, test, prod","mitppc-d9.stg.umn.edu, mitppc-d9.dev.umn.edu, mitppc-d9.dl9.umn.edu, www.mitppc.umn.edu","lamxx025, brow3817",mitppc.umn.edu,"CFANS - Food, Ag, & Natural Resource Sci",None,True,,True,Drupal
497,Minnesota Tree Care Advocate,"test, prod","mntca.dl8.umn.edu, mntca.dev.umn.edu, mntca.stg.umn.edu, www.mntca.umn.edu","lamxx025, reich343",mntca.umn.edu,"CFANS - Food, Ag, & Natural Resource Sci",None,True,,True,Drupal
336,MISA,prod,"www.misa.umn.edu, misa.dev.umn.edu, misa.stg.umn.edu, misa.dl9.umn.edu",lamxx025,misa.umn.edu,"CFANS - Food, Ag, & Natural Resource Sci",None,True,,True,Drupal
321,Miscanthus,prod,"miscanthus-cfans.dev.umn.edu, miscanthus-cfans.stg.umn.edu, miscanthus-cfans.dl9.umn.edu, www.miscanthus.cfans.umn.edu",lamxx025,miscanthus.cfans.umn.edu,"CFANS - Food, Ag, & Natural Resource Sci",None,True,,True,Drupal
456,MN Coop,"test, prod","mncoopunit.cfans.umn.edu, mncoopunit.dl8.umn.edu, mncoopunit.stg.umn.edu",lamxx025,mncoopunit.umn.edu,"CFANS - Food, Ag, & Natural Resource Sci",None,True,,True,Drupal
388,MN Nutrition Conference,"test, prod","www.mnnutritionconf.umn.edu, mnnutritionconf.stg.umn.edu, mnnutritionconf.dev.umn.edu, mnnutritionconf.dl8.umn.edu",lamxx025,mnnutritionconf.umn.edu,"CFANS - Food, Ag, & Natural Resource Sci",None,True,,True,Drupal
295,MN Tree Inspector,prod,"mntreeinspector-d9.stg.umn.edu, mntreeinspector-d9.dev.umn.edu",lamxx025,mntreeinspector.umn.edu,"CFANS - Food, Ag, & Natural Resource Sci",None,True,,True,Drupal
445,MN Youth Institute,"test, prod","www.mnyi.cfans.umn.edu, mnyi.dl8.umn.edu, mnyi.dev.umn.edu, mnyi.stg.umn.edu",lamxx025,mnyi.cfans.umn.edu,"CFANS - Food, Ag, & Natural Resource Sci",None,True,,True,Drupal
381,Montgomery Lab,"test, prod","ecophys.stg.umn.edu, ecophys.dev.umn.edu, ecophys.dl8.umn.edu, ecophys.cfans.umn.edu",lamxx025,ecophys.cfans.umn.edu,"CFANS - Food, Ag, & Natural Resource Sci",None,True,,True,Drupal
504,MOSH - Minnesota Office for Soil Health,"dev, test, prod","mosh.umn.edu, mosh.dl8.umn.edu, mosh.dev.umn.edu, mosh.stg.umn.edu",lamxx025,mosh.umn.edu,"CFANS - Food, Ag, & Natural Resource Sci",None,True,,True,Drupal
419,MTIC,"test, prod","mtic.stg.umn.edu, mtic.dev.umn.edu, mtic.dl8.umn.edu, mtic.cfans.umn.edu",lamxx025,mtic.cfans.umn.edu,"CFANS - Food, Ag, & Natural Resource Sci",None,True,,True,Drupal
439,Muehlbauer Lab,"test, prod","muehlbauerlab.dl8.umn.edu, muehlbauerlab.stg.umn.edu, muehlbauerlab.cfans.umn.edu",lamxx025,muehlbauerlab.umn.edu,"CFANS - Food, Ag, & Natural Resource Sci",None,True,,True,Drupal
276,NatCap TEEMS,prod,"natcapteems.dev.umn.edu, natcapteems.stg.umn.edu",lamxx025,natcapteems.umn.edu,"CFANS - Food, Ag, & Natural Resource Sci",None,True,,True,Drupal
333,Native Nutrition,prod,"nativenutrition.dev.umn.edu, nativenutrition.stg.umn.edu",lamxx025,nativenutrition.umn.edu,"CFANS - Food, Ag, & Natural Resource Sci",None,True,,True,Drupal
516,NCIPMHort,"test, prod","ncipmhort.dl8.umn.edu, ncipmhort.dev.umn.edu, ncipmhort.stg.umn.edu",lamxx025,ncipmhort.cfans.umn.edu,"CFANS - Food, Ag, & Natural Resource Sci",None,True,,True,Drupal
319,Norman Borlaug,prod,"borlaug-cfans.dev.umn.edu, borlaug-cfans.stg.umn.edu, borlaug-cfans.dl9.umn.edu, www.borlaug.cfans.umn.edu",lamxx025,borlaug.cfans.umn.edu,"CFANS - Food, Ag, & Natural Resource Sci",None,True,,True,Drupal
376,North Central Research and Outreach Center,"dev, test, prod","ncroc-cfans.dev.umn.edu, ncroc-cfans.stg.umn.edu, ncroc-cfans.prd.umn.edu",lamxx025,ncroc.cfans.umn.edu,"CFANS - Food, Ag, & Natural Resource Sci",None,True,,True,Drupal
364,NRSM,"dev, test, prod","nrsm.dev.umn.edu, nrsm.stg.umn.edu, www.nrsm.umn.edu, nrsm.prd.umn.edu",lamxx025,nrsm.umn.edu,"CFANS - Food, Ag, & Natural Resource Sci",None,True,,True,Drupal
370,NWROC,"dev, test, prod","www.nwroc.umn.edu, nwroc.dev.umn.edu, nwroc.stg.umn.edu, nwroc.prd.umn.edu",lamxx025,nwroc.umn.edu,"CFANS - Food, Ag, & Natural Resource Sci",None,True,,True,Drupal
411,Oat Global,"dev, prod","oatglobal.dl8.umn.edu, oatglobal-dl8.dev.umn.edu, oatglobal-dl8.stg.umn.edu, www.oatglobal.umn.edu, oatglobal.umn.edu",lamxx025,oatglobal.umn.edu,"CFANS - Food, Ag, & Natural Resource Sci",None,True,,True,Drupal
325,Onsite Sewage Treatment Program,"dev, test, prod","septic.dev.umn.edu, septic.stg.umn.edu, septic-d9.prd.umn.edu, www.septic.umn.edu",lamxx025,septic.umn.edu,"CFANS - Food, Ag, & Natural Resource Sci",None,True,,True,Drupal
279,Organic Agriculture,prod,"organicag.dev.umn.edu, organicag.stg.umn.edu, organicag.umn.edu",lamxx025,organicag.umn.edu,"CFANS - Food, Ag, & Natural Resource Sci",None,True,,True,Drupal
355,Organic Risk Management,prod,"organicriskmanagement.dev.umn.edu, organicriskmanagement.stg.umn.edu, organicriskmanagement.dl9.umn.edu, www.organicriskmanagement.umn.edu",lamxx025,organicriskmanagement.umn.edu,"CFANS - Food, Ag, & Natural Resource Sci",None,True,,True,Drupal
398,Organic Transition,"test, prod","organictransition.stg.umn.edu, organictransition.dev.umn.edu, organictransition.dl8.umn.edu",lamxx025,organictransition.umn.edu,"CFANS - Food, Ag, & Natural Resource Sci",None,True,,True,Drupal
316,Our SSM Capstone,"test, prod","capstonessm-cfans.dev.umn.edu, capstonessm-cfans.stg.umn.edu",lamxx025,capstonessm.cfans.umn.edu,"CFANS - Food, Ag, & Natural Resource Sci",None,True,,True,Drupal
459,Partnership for River Restoration and Science in the Upper Midwest,"test, prod","prrsum.dl8.umn.edu, prrsum.stg.umn.edu, prrsum.dev.umn.edu","lamxx025, chapm155",prrsum.umn.edu,"CFANS - Food, Ag, & Natural Resource Sci",None,True,,True,Drupal
463,Pesky Plant Trackers,prod,peskyplants.dev.umn.edu,"and04598, lamxx025, rebeccam",peskyplants.umn.edu,"CFANS - Food, Ag, & Natural Resource Sci",None,True,,True,Drupal
401,Pesticide Certification,"test, prod","pesticidecert.stg.umn.edu, pesticidecert.dev.umn.edu, pesticidecert.dl8.umn.edu",lamxx025,pesticidecert.cfans.umn.edu,"CFANS - Food, Ag, & Natural Resource Sci",None,True,,True,Drupal
340,Plant Breeding Center,prod,"plantbreed.dev.umn.edu, plantbreed.stg.umn.edu",lamxx025,plantbreed.umn.edu,"CFANS - Food, Ag, & Natural Resource Sci",None,True,,True,Drupal
353,Plant Disease Clinic,"dev, test, prod","pdc.dev.umn.edu, pdc.stg.umn.edu, www.pdc.umn.edu",lamxx025,pdc.umn.edu,"CFANS - Food, Ag, & Natural Resource Sci",None,True,,True,Drupal
424,Plant Metabolomics Facility,"dev, test, prod","metabolomics.stg.umn.edu, metabolomics.dev.umn.edu, metabolomics.dl8.umn.edu",lamxx025,metabolomics.cfans.umn.edu,"CFANS - Food, Ag, & Natural Resource Sci",None,True,,True,Drupal
402,Plant Metabolomics Lab,"test, prod","plantmetabolomics.stg.umn.edu, plantmetabolomics.dev.umn.edu, plantmetabolomics.dl8.umn.edu",lamxx025,plantmetabolomics.cfans.umn.edu,"CFANS - Food, Ag, & Natural Resource Sci",None,True,,True,Drupal
378,Plant Protein Innovation Center,"test, prod","ppic.stg.umn.edu, ppic.dev.umn.edu, ppic.dl8.umn.edu, ppic.cfans.umn.edu",lamxx025,ppic.cfans.umn.edu,"CFANS - Food, Ag, & Natural Resource Sci",None,True,,True,Drupal
282,Plant Virology Lab,prod,"plantvirologylab-cfans.dev.umn.edu, plantvirologylab-cfans.stg.umn.edu",lamxx025,plantvirologylab.cfans.umn.edu,"CFANS - Food, Ag, & Natural Resource Sci",None,True,,True,Drupal
506,Precision Agriculture Center,"test, prod","precisionag.dl8.umn.edu, precisionag.stg.umn.edu, precisionag.dev.umn.edu, www.precisionag.umn.edu","nordstro, lamxx025",precisionag.umn.edu,"CFANS - Food, Ag, & Natural Resource Sci",None,True,,True,Drupal
444,Production Ag Symposium,"test, prod","productionagsymposium.dl8.umn.edu, productionagsymposium.stg.umn.edu, productionagsymposium.umn.edu, www.productionagsymposium.umn.edu",lamxx025,productionagsymposium.umn.edu,"CFANS - Food, Ag, & Natural Resource Sci",None,True,,True,Drupal
322,Public Gardens of Minnesota,prod,"mngardens-dl9.dev.umn.edu, mngardens-dl9.stg.umn.edu, mngardens-horticulture.dl9.umn.edu",lamxx025,mngardens.horticulture.umn.edu,"CFANS - Food, Ag, & Natural Resource Sci",None,True,,True,Drupal
403,Public Value,"test, prod","publicvalue.stg.umn.edu, publicvalue.dev.umn.edu, publicvalue.dl8.umn.edu, publicvalue.umn.edu",lamxx025,publicvalue.cfans.umn.edu,"CFANS - Food, Ag, & Natural Resource Sci",None,True,,True,Drupal
356,Quality Counts,prod,"qualitycounts.dev.umn.edu, qualitycounts.stg.umn.edu, qualitycounts.dl9.umn.edu, www.qualitycounts.umn.edu",lamxx025,qualitycounts.umn.edu,"CFANS - Food, Ag, & Natural Resource Sci",None,True,,True,Drupal
338,Ranjan Lab,prod,"ranjanlab-cfans.dev.umn.edu, ranjanlab-cfans.stg.umn.edu, ranjanlab.cfans.umn.edu",lamxx025,ranjanlab.cfans.umn.edu,"CFANS - Food, Ag, & Natural Resource Sci",None,True,,True,Drupal
346,Remote Sensing and Geospatial Analysis Laboratory,prod,"rs-dl9.dev.umn.edu, rs-dl9.stg.umn.edu, rs-dl9.umn.edu, www.knightlab.cfans.umn.edu, knightlab.cfans.umn.edu, rsl.gis.umn.edu, www.rsl.gis.umn.edu, minnesotaview.rs.umn.edu, minnesotaview.umn.edu, uas.rs.umn.edu, uas.umn.edu, rscc.umn.edu, rs.umn.edu",lamxx025,rs.umn.edu,"CFANS - Food, Ag, & Natural Resource Sci",None,True,,True,Drupal
289,Remote Sensing of Water Resources,"dev, test, prod","water-rs.d9.umn.edu, water-rs-d9.dev.umn.edu, water-rs-d9.stg.umn.edu, water-rs-d9.prd.umn.edu",lamxx025,water.rs.umn.edu,"CFANS - Food, Ag, & Natural Resource Sci",None,True,,True,Drupal
391,Research Analytical Laboratory,"test, prod","ral.stg.umn.edu, ral.dev.umn.edu, ral.dl8.umn.edu","kpiotr, lamxx025",ral.cfans.umn.edu,"CFANS - Food, Ag, & Natural Resource Sci",None,True,,True,Drupal
390,Roadside Turf,"test, prod","roadsideturf.stg.umn.edu, roadsideturf.dev.umn.edu, roadsideturf.dl8.umn.edu",lamxx025,roadsideturf.umn.edu,"CFANS - Food, Ag, & Natural Resource Sci",None,True,,True,Drupal
462,Rogers Lab,prod,"rogerslab-cfans.dl8.umn.edu, rogerslab-cfans-dl8.dev.umn.edu",lamxx025,rogerslab.cfans.umn.edu,"CFANS - Food, Ag, & Natural Resource Sci",None,True,,True,Drupal
366,Rosemount Research and Outreach Center,"dev, test, prod","rroc-cfans.dev.umn.edu, rroc-cfans.stg.umn.edu",lamxx025,rroc.cfans.umn.edu,"CFANS - Food, Ag, & Natural Resource Sci",None,True,,True,Drupal
450,Sadok Lab,"test, prod","sadoklab.dl8.umn.edu, sadoklab.dev.umn.edu, sadoklab.stg.umn.edu",lamxx025,sadoklab.cfans.umn.edu,"CFANS - Food, Ag, & Natural Resource Sci",None,True,,True,Drupal
313,SafePork,prod,"safepork.dev.umn.edu, safepork.stg.umn.edu",lamxx025,safepork.umn.edu,"CFANS - Food, Ag, & Natural Resource Sci",None,True,,True,Drupal
409,Sand Plain Research Farm,"dev, test, prod","sprf-cfans.dev.umn.edu, sprf-cfans.stg.umn.edu, sprf-cfans.prd.umn.edu, www.sprf.cfans.umn.edu",lamxx025,sprf.cfans.umn.edu,"CFANS - Food, Ag, & Natural Resource Sci",None,True,,True,Drupal
512,schoenfusslab.umn.edu,"test, prod","schoenfusslab.dl8.umn.edu, schoenfusslab.stg.umn.edu, schoenfusslab.dev.umn.edu, schoenfusslab.umn.edu","tschoenf, lamxx025",schoenfusslab.cfans.umn.edu,"CFANS - Food, Ag, & Natural Resource Sci",None,True,,True,Drupal
298,Season Watch,prod,"seasonwatch.dev.umn.edu, seasonwatch.stg.umn.edu","and04598, lamxx025, rebeccam",seasonwatch.umn.edu,"CFANS - Food, Ag, & Natural Resource Sci",None,True,,True,Drupal
455,Sensory Center,"test, prod","sensorycenter.cfans.umn.edu, sensorycenter.stg.umn.edu, sensorycenter.dl8.umn.edu",lamxx025,sensorycenter.umn.edu,"CFANS - Food, Ag, & Natural Resource Sci",None,True,,True,Drupal
477,Shri Ramaswamy's Research Group,"test, prod","shri.dl8.umn.edu, shri.stg.umn.edu, shri.dev.umn.edu, shri.bbe.umn.edu",lamxx025,shri.bbe.umn.edu,"CFANS - Food, Ag, & Natural Resource Sci",None,True,,True,Drupal
305,Silviculture Lab,"dev, test, prod","silvalab.stg.umn.edu, silvalab.dev.umn.edu, silvalab.dl9.umn.edu, silvalab.cfans.umn.edu",lamxx025,silvalab.umn.edu,"CFANS - Food, Ag, & Natural Resource Sci",None,True,,True,Drupal
348,Small Horticultural Farm Resources,prod,"smfarm-cfans.dev.umn.edu, smfarm-cfans.stg.umn.edu, smfarm-cfans.dl9.umn.edu, www.smfarm.cfans.umn.edu",lamxx025,smfarm.cfans.umn.edu,"CFANS - Food, Ag, & Natural Resource Sci",None,True,,True,Drupal
328,smithlab,"test, prod","smithlab.cfans.stg.umn.edu, smithlab.cfans.dev.umn.edu, smithlab.cfans.dl9.umn.edu","neyha001, lamxx025",smithlab.cfans.umn.edu,"CFANS - Food, Ag, & Natural Resource Sci",None,True,,True,Drupal
332,Soil Testing Laboratory,"dev, test, prod","soiltest.stg.umn.edu, soiltest.dev.umn.edu, soiltest.dl9.umn.edu",lamxx025,soiltest.cfans.umn.edu,"CFANS - Food, Ag, & Natural Resource Sci",None,True,,True,Drupal
377,Southern Research and Outreach Center,"dev, test, prod","sroc-cfans.dev.umn.edu, sroc-cfans.stg.umn.edu, www.sroc.cfans.umn.edu, sroc-cfans.prd.umn.edu",lamxx025,sroc.cfans.umn.edu,"CFANS - Food, Ag, & Natural Resource Sci",None,True,,True,Drupal
315,Soybean Research Center,prod,"soybeanresearchcenter.dev.umn.edu, soybeanresearchcenter.stg.umn.edu",lamxx025,soybeanresearchcenter.umn.edu,"CFANS - Food, Ag, & Natural Resource Sci",None,True,,True,Drupal
343,Stakman-Borlaug Center (SBC) for Sustainable Plant Health,prod,"sbc.umn.edu, www.sbc.umn.edu, sbc.dev.umn.edu, sbc.stg.umn.edu, sbc.dl9.umn.edu",lamxx025,sbc.umn.edu,"CFANS - Food, Ag, & Natural Resource Sci",None,True,,True,Drupal
323,Stormwater Education,prod,"stormwater-dl9.dev.umn.edu, stormwater-dl9.stg.umn.edu, stormwater.dl9.umn.edu, www.stormwater.umn.edu",lamxx025,stormwater.umn.edu,"CFANS - Food, Ag, & Natural Resource Sci",None,True,,True,Drupal
452,Stupar Lab,"test, prod","stuparlab.dl8.umn.edu, stuparlab.dev.umn.edu, stuparlab.stg.umn.edu",lamxx025,stuparlab.cfans.umn.edu,"CFANS - Food, Ag, & Natural Resource Sci",None,True,,True,Drupal
309,Sustainable Akumal,"test, prod","sustainableakumal.stg.umn.edu, sustainableakumal.dev.umn.edu, sustainableakumal.dl9.umn.edu","lamxx025, olayi001, newma004",sustainableakumal.cfans.umn.edu,"CFANS - Food, Ag, & Natural Resource Sci",None,True,,True,Drupal
441,Sustainable Cropping,"test, prod","sustainablecropping.dl8.umn.edu, sustainablecropping.stg.umn.edu, www.sustainablecropping.umn.edu",lamxx025,sustainablecropping.umn.edu,"CFANS - Food, Ag, & Natural Resource Sci",None,True,,True,Drupal
324,Sustainable Forests Education Cooperative,"dev, test, prod","sfec-cfans.dev.umn.edu, sfec-cfans.stg.umn.edu, sfec-cfans.prd.umn.edu, sfec-cfans.dl9.umn.edu",lamxx025,sfec.cfans.umn.edu,"CFANS - Food, Ag, & Natural Resource Sci",None,True,,True,Drupal
299,Sustainable Systems Management Major,"dev, test","ssm.dev.umn.edu, ssm.stg.umn.edu",lamxx025,ssm.umn.edu,"CFANS - Food, Ag, & Natural Resource Sci",None,True,,True,Drupal
496,SW MN Farm Business Management Association,prod,"swfm.umn.edu, swfm.dev.umn.edu",lamxx025,swfm.umn.edu,"CFANS - Food, Ag, & Natural Resource Sci",None,True,,True,Drupal
487,swroc.cfans.umn.edu,"dev, test, prod","swroc-cfans.dev.umn.edu, swroc-cfans.stg.umn.edu, swroc-cfans.prd.umn.edu, swroc.cfans.umn.edu, www.swroc.cfans.umn.edu",lamxx025,swroc.cfans.umn.edu,"CFANS - Food, Ag, & Natural Resource Sci",None,True,,True,Drupal
397,Toner Lab,"test, prod","tonerlab.stg.umn.edu, tonerlab.dev.umn.edu, tonerlab.dl8.umn.edu",lamxx025,tonerlab.cfans.umn.edu,"CFANS - Food, Ag, & Natural Resource Sci",None,True,,True,Drupal
443,Tree Ascension Group,"test, prod","tag.dl8.umn.edu, tag.stg.umn.edu, tag.cfans.umn.edu",lamxx025,tag.umn.edu,"CFANS - Food, Ag, & Natural Resource Sci",None,True,,True,Drupal
384,Trees,"test, prod","www.trees.umn.edu, trees.stg.umn.edu, trees.dev.umn.edu, trees.dl8.umn.edu, trees.umn.edu, mntreesource.umn.edu, www.mntreesource.umn.edu",lamxx025,trees.umn.edu,"CFANS - Food, Ag, & Natural Resource Sci",None,True,,True,Drupal
395,Turf,"dev, test, prod","www.turf.umn.edu, www.scienceofthegreen.umn.edu, turf.stg.umn.edu, turf.dev.umn.edu, turf.dl8.umn.edu, scienceofthegreen.umn.edu",lamxx025,turf.umn.edu,"CFANS - Food, Ag, & Natural Resource Sci",None,True,,True,Drupal
502,Twin Cities Coyote and Fox Project,prod,,"mccan062, lamxx025",tccfp.umn.edu,"CFANS - Food, Ag, & Natural Resource Sci",None,True,,True,Drupal
440,Tze Lab,"test, prod","tzelab.dl8.umn.edu, tzelab.stg.umn.edu, tzelab.cfans.umn.edu",lamxx025,tzelab.umn.edu,"CFANS - Food, Ag, & Natural Resource Sci",None,True,,True,Drupal
301,Ubbink Lab,prod,"ubbinklab-cfans.dev.umn.edu, ubbinklab-cfans.stg.umn.edu",lamxx025,ubbinklab.cfans.umn.edu,"CFANS - Food, Ag, & Natural Resource Sci",None,True,,True,Drupal
466,UMN Soybean Breeding Program,"dev, test, prod","soybeanbreeding.dl8.umn.edu, soybeanbreeding.stg.umn.edu, soybeanbreeding.cfans.umn.edu",lamxx025,soybeanbreeding.umn.edu,"CFANS - Food, Ag, & Natural Resource Sci",None,True,,True,Drupal
334,Variety Trials,prod,"varietytrials.dev.umn.edu, varietytrials.stg.umn.edu",lamxx025,varietytrials.umn.edu,"CFANS - Food, Ag, & Natural Resource Sci",None,True,,True,Drupal
344,VegEdge,"test, prod","vegedge.umn.edu, www.vegedge.umn.edu, vegedge.dev.umn.edu, vegedge.stg.umn.edu, vegedge.dl9.umn.edu",lamxx025,vegedge.umn.edu,"CFANS - Food, Ag, & Natural Resource Sci",None,True,,True,Drupal
291,vitisgen3,prod,"vitisgen3.dev.umn.edu, vitisgen3.stg.umn.edu",lamxx025,vitisgen3.umn.edu,"CFANS - Food, Ag, & Natural Resource Sci",None,True,,True,Drupal
399,Wang Lab,"test, prod","wanglab.stg.umn.edu, wanglab.dev.umn.edu, wanglab.dl8.umn.edu",lamxx025,wanglab.cfans.umn.edu,"CFANS - Food, Ag, & Natural Resource Sci",None,True,,True,Drupal
473,Wasp Watchers,"test, prod","waspwatchers.dl8.umn.edu, waspwatchers.dev.umn.edu, waspwatchers.stg.umn.edu, waspwatchers.umn.edu",lamxx025,waspwatchers.umn.edu,"CFANS - Food, Ag, & Natural Resource Sci",None,True,,True,Drupal
422,Waste Not,"test, prod","www.wastenot.umn.edu, wastenot.stg.umn.edu, wastenot.dev.umn.edu, wastenot.dl8.umn.edu",lamxx025,wastenot.umn.edu,"CFANS - Food, Ag, & Natural Resource Sci",None,True,,True,Drupal
365,Water Resources Science Graduate Program,"dev, test, prod","wrs.dev.umn.edu, wrs.stg.umn.edu, www.wrs.umn.edu, wrs.prd.umn.edu",lamxx025,wrs.umn.edu,"CFANS - Food, Ag, & Natural Resource Sci",None,True,,True,Drupal
311,Waterhouse Lab,prod,"waterhouselab-cfans.dev.umn.edu, waterhouselab-cfans.stg.umn.edu",lamxx025,waterhouselab.cfans.umn.edu,"CFANS - Food, Ag, & Natural Resource Sci",None,True,,True,Drupal
428,West Central Research and Outreach Center,"dev, test, prod","wcroc-cfans.dev.umn.edu, wcroc-cfans.stg.umn.edu, www.wcroc.cfans.umn.edu, wcroc-cfans.prd.umn.edu",lamxx025,wcroc.cfans.umn.edu,"CFANS - Food, Ag, & Natural Resource Sci",None,True,,True,Drupal
484,Wild Rice,"dev, test, prod","wildrice.dev.umn.edu, wildrice.stg.umn.edu, wildrice.umn.edu, www.wildrice.umn.edu",lamxx025,wildrice.umn.edu,"CFANS - Food, Ag, & Natural Resource Sci",None,True,,True,Drupal
511,wildricebreedingandgenetics.umn.edu,prod,wildricebreedingandgenetics.dl8.umn.edu,"jkimball, lamxx025",wildricebreedingandgenetics.umn.edu,"CFANS - Food, Ag, & Natural Resource Sci",None,True,,True,Drupal
400,William Lazarus,"test, prod","wlazarus.stg.umn.edu, wlazarus.dev.umn.edu, wlazarus.dl8.umn.edu, wlazarus.cfans.umn.edu",lamxx025,wlazarus.cfans.umn.edu,"CFANS - Food, Ag, & Natural Resource Sci",None,True,,True,Drupal
461,Wilson Lab,prod,wilsonlab-cfans.dev.umn.edu,"nordstro, wilso984, lamxx025",wilsonlab.cfans.umn.edu,"CFANS - Food, Ag, & Natural Resource Sci",None,True,,True,Drupal
310,winterturf.umn.edu,prod,"winterturf.dev.umn.edu, winterturf.stg.umn.edu",lamxx025,winterturf.umn.edu,"CFANS - Food, Ag, & Natural Resource Sci",None,True,,True,Drupal
374,WRC,"dev, test, prod","wrc.dev.umn.edu, wrc.stg.umn.edu, www.wrc.umn.edu, wrc.prd.umn.edu, wst.umn.edu, www.wst.umn.edu",lamxx025,wrc.umn.edu,"CFANS - Food, Ag, & Natural Resource Sci",None,True,,True,Drupal
437,Xiaoli Chen Lab,"test, prod","xiaolichen.dl8.umn.edu, xiaolichen.stg.umn.edu, xiaolichen.cfans.umn.edu",lamxx025,xiaolichen.umn.edu,"CFANS - Food, Ag, & Natural Resource Sci",None,True,,True,Drupal
451,Yang Lab,"test, prod","yanglab.dl8.umn.edu, yanglab.stg.umn.edu, yanglab.dev.umn.edu",lamxx025,yanglab.bbe.umn.edu,"CFANS - Food, Ag, & Natural Resource Sci",None,True,,True,Drupal
339,Young Lab,prod,"younglab-cfans-dl9.dev.umn.edu, younglab-cfans-dl9.stg.umn.edu, younglab-cfans.dl9.umn.edu, www.younglab.cfans.umn.edu",lamxx025,younglab.cfans.umn.edu,"CFANS - Food, Ag, & Natural Resource Sci",None,True,,True,Drupal
410,Zhang Lab,prod,"zhanglab-cfans.dev.umn.edu, zhanglab-cfans.stg.umn.edu, zhanglab.cfans.umn.edu",lamxx025,zhanglab.cfans.umn.edu,"CFANS - Food, Ag, & Natural Resource Sci",None,True,,True,Drupal
293,Zhao Lab,prod,"zhaolab-cfans.dev.umn.edu, zhaolab-cfans.stg.umn.edu",lamxx025,zhaolab.cfans.umn.edu,"CFANS - Food, Ag, & Natural Resource Sci",None,True,,True,Drupal
